date,month,year,plantingtype,field,species,number,location,tube,lifestage,stems,height_cm,rodentdamage,id,protected,death,browse,,
3/8/2024,March,2024,Staked,Underhill,lucida,501,3-7,Yes,nothing,0,74,none,5013-7,,,,,
3/8/2024,March,2024,Staked,Underhill,lucida,502,2-19,No,nothing,0,56,none,5022-19,,,,,
3/8/2024,March,2024,Staked,Underhill,lucida,503,1-32,No,nothing,0,61,none,5031-32,,,,,
3/8/2024,March,2024,Staked,Underhill,lucida,504,2-42,No,nothing,0,71,none,5042-42,,,,,
3/8/2024,March,2024,Staked,Underhill,lucida,505,1-59,No,nothing,0,67,none,5051-59,,,,,
3/8/2024,March,2024,Staked,Underhill,discolor,506,2-3,No,nothing,0,71,none,5062-3,,,,,
3/8/2024,March,2024,Staked,Underhill,discolor,507,2-12,No,nothing,0,70,none,5072-12,,,,,
3/8/2024,March,2024,Staked,Underhill,discolor,508,1-29,No,nothing,0,56,none,5081-29,,,,,
3/8/2024,March,2024,Staked,Underhill,discolor,509,3-32,Yes,nothing,0,72,none,5093-32,,,,,
3/8/2024,March,2024,Staked,Underhill,discolor,510,2-46,No,nothing,0,71,none,5102-46,,,,,
3/8/2024,March,2024,Staked,Underhill,purpurea,511,2-1,No,nothing,0,56,none,5112-1,,,,,
3/8/2024,March,2024,Staked,Underhill,purpurea,512,2-10,No,nothing,0,66,none,5122-10,,,,,
3/8/2024,March,2024,Staked,Underhill,purpurea,513,1-26,Yes,nothing,0,67,none,5131-26,,,,,
3/8/2024,March,2024,Staked,Underhill,purpurea,514,3-32,No,nothing,0,69,none,5143-32,,,,,
3/8/2024,March,2024,Staked,Underhill,purpurea,515,2-44,No,nothing,0,58,none,5152-44,,,,,
3/8/2024,March,2024,Staked,Underhill,sericea,516,2-14,No,nothing,0,80,none,5162-14,,,,,
3/8/2024,March,2024,Staked,Underhill,sericea,667,1-17,No,nothing,0,68,none,6671-17,,,,,
3/8/2024,March,2024,Staked,Underhill,sericea,518,2-31,No,nothing,0,70,rodent,5182-31,,,,,
3/8/2024,March,2024,Staked,Underhill,sericea,519,1-45,No,nothing,0,76,none,5191-45,,,,,
3/8/2024,March,2024,Staked,Underhill,sericea,520,3-54,Yes,nothing,0,60,none,5203-54,,,,,
3/8/2024,March,2024,Staked,Barberry,purpurea,521,2-3,No,nothing,0,74,rodent,5212-3,,,,,
3/8/2024,March,2024,Staked,Barberry,purpurea,522,1-13,No,nothing,0,68,none,5221-13,,,,,
3/8/2024,March,2024,Staked,Barberry,purpurea,523,2-18,No,nothing,0,59,none,5232-18,,,,,
3/8/2024,March,2024,Staked,Barberry,purpurea,524,2-47,No,nothing,0,67,none,5242-47,,,,,
3/8/2024,March,2024,Staked,Barberry,purpurea,525,3-55,Yes,nothing,0,59,none,5253-55,,,,,
3/8/2024,March,2024,Staked,Barberry,sericea,526,2-7,No,nothing,0,59,none,5262-7,,,,,
3/8/2024,March,2024,Staked,Barberry,sericea,527,3-8,Yes,nothing,0,60,none,5273-8,,,,,
3/8/2024,March,2024,Staked,Barberry,sericea,528,1-15,No,nothing,0,54,none,5281-15,,,,,
3/8/2024,March,2024,Staked,Barberry,sericea,529,1-22,No,nothing,0,69,none,5291-22,,,,,
3/8/2024,March,2024,Staked,Barberry,sericea,530,3-48,Yes,nothing,0,69,none,5303-48,,,,,
3/8/2024,March,2024,Staked,Barberry,lucida,531,1-12,No,nothing,0,54,none,5311-12,,,,,
3/8/2024,March,2024,Staked,Barberry,lucida,532,3-18,Yes,nothing,0,63,none,5323-18,,,,,
3/8/2024,March,2024,Staked,Barberry,lucida,533,2-31,No,nothing,0,72,none,5332-31,,,,,
3/8/2024,March,2024,Staked,Barberry,lucida,491,3-47,Yes,nothing,0,59,none,4913-47,,,,,
3/8/2024,March,2024,Staked,Barberry,lucida,535,2-57,No,scaleless buds,0,75,none,5352-57,,,,,
3/8/2024,March,2024,Staked,Barberry,discolor,536,2-5,No,nothing,0,62,none,5362-5,,,,,
3/8/2024,March,2024,Staked,Barberry,discolor,537,1-19,No,nothing,0,42,none,5371-19,,,,,
3/8/2024,March,2024,Staked,Barberry,discolor,538,2-27,No,nothing,0,59,none,5382-27,,,,,
3/8/2024,March,2024,Staked,Barberry,discolor,491,3-47,Yes,nothing,0,43,none,4913-47,,,,,
3/8/2024,March,2024,Staked,Barberry,discolor,540,3-61,Yes,nothing,0,61,none,5403-61,,,,,
3/8/2024,March,2024,Staked,GP1,discolor,541,3-3,Yes,nothing,0,56,none,5413-3,,,,,
3/8/2024,March,2024,Staked,GP1,discolor,542,3-13,No,nothing,0,70,none,5423-13,,,,,
3/8/2024,March,2024,Staked,GP1,discolor,543,2-25,Yes,nothing,0,49,none,5432-25,,,,,
3/8/2024,March,2024,Staked,GP1,discolor,544,1-38,No,nothing,0,58,none,5441-38,,,,,
3/8/2024,March,2024,Staked,GP1,discolor,545,2-49,No,scaled buds,0,59,rodent,5452-49,,,,,
3/8/2024,March,2024,Staked,GP1,purpurea,546,1-10,No,nothing,0,57,none,5461-10,,,,,
3/8/2024,March,2024,Staked,GP1,purpurea,547,1-25,No,nothing,0,65,none,5471-25,,,,,
3/8/2024,March,2024,Staked,GP1,purpurea,548,2-32,No,scaled buds,0,66,none,5482-32,,,,,
3/8/2024,March,2024,Staked,GP1,purpurea,549,1-36,No,nothing,0,73,none,5491-36,,,,,
3/8/2024,March,2024,Staked,GP1,purpurea,550,2-52,No,nothing,0,64,none,5502-52,,,,,
3/8/2024,March,2024,Staked,GP1,lucida,551,2-18,No,nothing,0,64,none,5512-18,,,,,
3/8/2024,March,2024,Staked,GP1,lucida,552,3-33,Yes,nothing,0,71,none,5523-33,,,,,
3/8/2024,March,2024,Staked,GP1,lucida,553,1-41,No,nothing,0,43,none,5531-41,,,,,
3/8/2024,March,2024,Staked,GP1,lucida,554,2-47,No,nothing,0,67,none,5542-47,,,,,
3/8/2024,March,2024,Staked,GP1,lucida,555,1-53,No,nothing,0,47,none,5551-53,,,,,
3/8/2024,March,2024,Staked,GP1,sericea,556,3-18,Yes,nothing,0,73,none,5563-18,,,,,
3/8/2024,March,2024,Staked,GP1,sericea,557,2-34,No,scaled buds,0,61,none,5572-34,,,,,
3/8/2024,March,2024,Staked,GP1,sericea,558,3-41,Yes,nothing,0,54,none,5583-41,,,,,
3/8/2024,March,2024,Staked,GP1,sericea,559,2-50,No,nothing,0,59,none,5592-50,,,,,
3/8/2024,March,2024,Staked,GP1,sericea,560,3-54,Yes,nothing,0,61,none,5603-54,,,,,
3/8/2024,March,2024,Staked,GP2,sericea,561,2-8,No,nothing,0,78,none,5612-8,,,,,
3/8/2024,March,2024,Staked,GP2,sericea,562,1-12,No,nothing,0,70,none,5621-12,,,,,
3/8/2024,March,2024,Staked,GP2,sericea,563,2-28,No,nothing,0,67,none,5632-28,,,,,
3/8/2024,March,2024,Staked,GP2,sericea,564,1-37,No,nothing,0,66,none,5641-37,,,,,
3/8/2024,March,2024,Staked,GP2,sericea,565,3-44,Yes,nothing,0,68,none,5653-44,,,,,
3/8/2024,March,2024,Staked,GP2,lucida,566,2-8,No,nothing,0,75,none,5662-8,,,,,
3/8/2024,March,2024,Staked,GP2,lucida,567,3-14,Yes,nothing,0,66,none,5673-14,,,,,
3/8/2024,March,2024,Staked,GP2,lucida,568,3-27,Yes,nothing,0,64,none,5683-27,,,,,
3/8/2024,March,2024,Staked,GP2,lucida,569,2-30,No,nothing,0,66,none,5692-30,,,,,
3/8/2024,March,2024,Staked,GP2,lucida,570,3-49,Yes,nothing,0,58,none,5703-49,,,,,
3/8/2024,March,2024,Staked,GP2,purpurea,571,1-12,No,nothing,0,70,none,5711-12,,,,,
3/8/2024,March,2024,Staked,GP2,purpurea,572,3-15,Yes,nothing,0,55,none,5723-15,,,,,
3/8/2024,March,2024,Staked,GP2,purpurea,573,2-22,No,scaled buds,0,57,none,5732-22,,,,,
3/8/2024,March,2024,Staked,GP2,purpurea,574,2-55,No,nothing,0,50,none,5742-55,,,,,
3/8/2024,March,2024,Staked,GP2,purpurea,575,3-55,Yes,nothing,0,66,none,5753-55,,,,,
3/8/2024,March,2024,Staked,GP2,discolor,576,1-10,No,nothing,0,51,rodent,5761-10,,,,,
3/8/2024,March,2024,Staked,GP2,discolor,577,3-20,Yes,nothing,0,72,none,5773-20,,,,,
3/8/2024,March,2024,Staked,GP2,discolor,578,2-26,No,nothing,0,70,none,5782-26,,,,,
3/8/2024,March,2024,Staked,GP2,discolor,579,2-48,No,nothing,0,46,none,5792-48,,,,,
3/8/2024,March,2024,Staked,GP2,discolor,580,2-56,No,nothing,0,65,none,5802-56,,,,,
5/7/2024,May,2024,Staked,Underhill,lucida,501,3-7,Yes,nothing,0,74,none,5013-7,,died,,,
5/7/2024,May,2024,Staked,Underhill,lucida,502,2-19,No,leaves,0,56,none,5022-19,,,,,
5/7/2024,May,2024,Staked,Underhill,lucida,503,1-32,No,nothing,0,61,none,5031-32,,died,,,
5/7/2024,May,2024,Staked,Underhill,lucida,504,2-42,No,leaves,0,71,none,5042-42,,,,,
5/7/2024,May,2024,Staked,Underhill,lucida,505,1-59,No,nothing,0,67,none,5051-59,,,,,
5/7/2024,May,2024,Staked,Underhill,discolor,506,2-3,No,scaled buds,0,71,none,5062-3,,,,,
5/7/2024,May,2024,Staked,Underhill,discolor,507,2-12,No,nothing,0,70,none,5072-12,,,,,
5/7/2024,May,2024,Staked,Underhill,discolor,508,1-29,No,nothing,0,56,none,5081-29,,died,,,
5/7/2024,May,2024,Staked,Underhill,discolor,509,3-32,Yes,nothing,0,72,none,5093-32,,died,,,
5/7/2024,May,2024,Staked,Underhill,discolor,510,2-46,No,leaves,0,71,none,5102-46,,,,,
5/7/2024,May,2024,Staked,Underhill,purpurea,511,2-1,No,scaled buds,0,56,none,5112-1,,,,,
5/7/2024,May,2024,Staked,Underhill,purpurea,512,2-10,No,nothing,0,66,none,5122-10,,,,,
5/7/2024,May,2024,Staked,Underhill,purpurea,513,1-26,Yes,leaves,0,67,none,5131-26,,,,,
5/7/2024,May,2024,Staked,Underhill,purpurea,514,3-32,No,leaves,0,69,none,5143-32,,,,,
5/7/2024,May,2024,Staked,Underhill,purpurea,515,2-44,No,nothing,0,58,none,5152-44,,died,,,
5/7/2024,May,2024,Staked,Underhill,sericea,516,2-14,No,scaled buds,0,80,none,5162-14,,,,,
5/7/2024,May,2024,Staked,Underhill,sericea,667,1-17,No,nothing,0,68,rodent,6671-17,,died,,,
5/7/2024,May,2024,Staked,Underhill,sericea,518,2-31,No,leaves,0,70,rodent,5182-31,,died,,,
5/7/2024,May,2024,Staked,Underhill,sericea,519,1-45,No,nothing,0,76,rodent,5191-45,,died,,,
5/7/2024,May,2024,Staked,Underhill,sericea,520,3-54,Yes,nothing,0,60,none,5203-54,,died,,,
5/7/2024,May,2024,Staked,Barberry,purpurea,521,2-3,No,scaled buds,0,74,rodent,5212-3,,,,,
5/7/2024,May,2024,Staked,Barberry,purpurea,522,1-13,No,leaves,0,68,none,5221-13,,,,,
5/7/2024,May,2024,Staked,Barberry,purpurea,523,2-18,No,scaleless buds,0,59,none,5232-18,,,,,
5/7/2024,May,2024,Staked,Barberry,purpurea,524,2-47,No,leaves,0,67,none,5242-47,,,,,
5/7/2024,May,2024,Staked,Barberry,purpurea,525,3-55,Yes,scaleless buds,0,59,none,5253-55,,,,,
5/7/2024,May,2024,Staked,Barberry,sericea,526,2-7,No,scaleless buds,0,59,none,5262-7,,,,,
5/7/2024,May,2024,Staked,Barberry,sericea,527,3-8,Yes,leaves,0,60,none,5273-8,,,,,
5/7/2024,May,2024,Staked,Barberry,sericea,528,1-15,No,nothing,0,54,none,5281-15,,died,,,
5/7/2024,May,2024,Staked,Barberry,sericea,529,1-22,No,nothing,0,69,none,5291-22,,died,,,
5/7/2024,May,2024,Staked,Barberry,sericea,530,3-48,Yes,nothing,0,69,none,5303-48,,,,,
5/7/2024,May,2024,Staked,Barberry,lucida,531,1-12,No,scaleless buds,0,54,none,5311-12,,,,,
5/7/2024,May,2024,Staked,Barberry,lucida,532,3-18,Yes,scaleless buds,0,63,none,5323-18,,,,,
5/7/2024,May,2024,Staked,Barberry,lucida,533,2-31,No,leaves,0,72,none,5332-31,,,,,
5/7/2024,May,2024,Staked,Barberry,lucida,491,3-47,Yes,nothing,0,59,none,4913-47,,,,,
5/7/2024,May,2024,Staked,Barberry,lucida,535,2-57,No,nothing,0,75,none,5352-57,,,,,
5/7/2024,May,2024,Staked,Barberry,discolor,536,2-5,No,scaled buds,0,62,none,5362-5,,died,,,
5/7/2024,May,2024,Staked,Barberry,discolor,537,1-19,No,nothing,0,42,none,5371-19,,died,,,
5/7/2024,May,2024,Staked,Barberry,discolor,538,2-27,No,scaled buds,0,59,none,5382-27,,,,,
5/7/2024,May,2024,Staked,Barberry,discolor,491,3-47,Yes,leaves,0,43,none,4913-47,,,,,
5/7/2024,May,2024,Staked,Barberry,discolor,540,3-61,Yes,scaleless buds,0,61,none,5403-61,,,,,
5/7/2024,May,2024,Staked,GP1,discolor,541,3-3,Yes,nothing,0,56,none,5413-3,,,,,
5/7/2024,May,2024,Staked,GP1,discolor,542,3-13,No,nothing,0,70,none,5423-13,,died,,,
5/7/2024,May,2024,Staked,GP1,discolor,543,2-25,Yes,nothing,0,49,none,5432-25,,died,,,
5/7/2024,May,2024,Staked,GP1,discolor,544,1-38,No,scaled buds,0,58,none,5441-38,,,,,
5/7/2024,May,2024,Staked,GP1,discolor,545,2-49,No,scaled buds,0,59,rodent,5452-49,,,,,
5/7/2024,May,2024,Staked,GP1,purpurea,546,1-10,No,nothing,0,57,none,5461-10,,,,,
5/7/2024,May,2024,Staked,GP1,purpurea,547,1-25,No,leaves,0,65,none,5471-25,,,,,
5/7/2024,May,2024,Staked,GP1,purpurea,548,2-32,No,leaves,0,66,none,5482-32,,,,,
5/7/2024,May,2024,Staked,GP1,purpurea,549,1-36,No,scaled buds,0,73,none,5491-36,,died,,,
5/7/2024,May,2024,Staked,GP1,purpurea,550,2-52,No,leaves,0,66,none,5502-52,,,,,
5/7/2024,May,2024,Staked,GP1,lucida,551,2-18,No,nothing,0,64,none,5512-18,,,,,
5/7/2024,May,2024,Staked,GP1,lucida,552,3-33,Yes,nothing,0,71,none,5523-33,,died,,,
5/7/2024,May,2024,Staked,GP1,lucida,553,1-41,No,leaves,0,43,none,5531-41,,,,,
5/7/2024,May,2024,Staked,GP1,lucida,554,2-47,No,scaled buds,0,67,none,5542-47,,died,,,
5/7/2024,May,2024,Staked,GP1,lucida,555,1-53,No,scaleless buds,0,47,none,5551-53,,,,,
5/7/2024,May,2024,Staked,GP1,sericea,556,3-18,Yes,nothing,0,73,none,5563-18,,,,,
5/7/2024,May,2024,Staked,GP1,sericea,557,2-34,No,scaled buds,0,61,none,5572-34,,died,,,
5/7/2024,May,2024,Staked,GP1,sericea,558,3-41,Yes,nothing,0,54,none,5583-41,,died,,,
5/7/2024,May,2024,Staked,GP1,sericea,559,2-50,No,scaled buds,0,59,none,5592-50,,,,,
5/7/2024,May,2024,Staked,GP1,sericea,560,3-54,Yes,leaves,0,61,none,5603-54,,,,,
5/7/2024,May,2024,Staked,GP2,sericea,561,2-8,No,scaless buds,0,78,none,5612-8,,,,,
5/7/2024,May,2024,Staked,GP2,sericea,562,1-12,No,leaves ,0,70,none,5621-12,,,,,
5/7/2024,May,2024,Staked,GP2,sericea,563,2-28,No,nothing,0,67,none,5632-28,,died,,,
5/7/2024,May,2024,Staked,GP2,sericea,564,1-37,No,nothing,0,66,none,5641-37,,died,,,
5/7/2024,May,2024,Staked,GP2,sericea,565,3-44,Yes,nothing,0,68,none,5653-44,,died,,,
5/7/2024,May,2024,Staked,GP2,lucida,566,2-8,No,nothing,0,75,none,5662-8,,died,,,
5/7/2024,May,2024,Staked,GP2,lucida,567,3-14,Yes,nothing,0,66,none,5673-14,,died,,,
5/7/2024,May,2024,Staked,GP2,lucida,568,3-27,Yes,nothing,0,64,none,5683-27,,,,,
5/7/2024,May,2024,Staked,GP2,lucida,569,2-30,No,scaless buds,0,66,none,5692-30,,,,,
5/7/2024,May,2024,Staked,GP2,lucida,570,3-49,Yes,nothing,0,58,none,5703-49,,,,,
5/7/2024,May,2024,Staked,GP2,purpurea,571,1-12,No,leaves ,0,70,none,5711-12,,died,,,
5/7/2024,May,2024,Staked,GP2,purpurea,572,3-15,Yes,leaves ,0,55,none,5723-15,,,,,
5/7/2024,May,2024,Staked,GP2,purpurea,573,2-22,No,leaves ,0,60,none,5732-22,,,,,
5/7/2024,May,2024,Staked,GP2,purpurea,574,2-55,No,leaves ,0,50,none,5742-55,,,,,
5/7/2024,May,2024,Staked,GP2,purpurea,575,3-55,Yes,leaves ,0,66,none,5753-55,,,,,
5/7/2024,May,2024,Staked,GP2,discolor,576,1-10,No,nothing,0,51,none,5761-10,,,,,
5/7/2024,May,2024,Staked,GP2,discolor,577,3-20,Yes,nothing,0,72,none,5773-20,,died,,,
5/7/2024,May,2024,Staked,GP2,discolor,578,2-26,No,scaled buds ,0,70,none,5782-26,,died,,,
5/7/2024,May,2024,Staked,GP2,discolor,579,2-48,No,leaves ,0,46,none,5792-48,,died,,,
5/7/2024,May,2024,Staked,GP2,discolor,580,2-56,No,leaves ,0,65,none,5802-56,,died,,,
7/23/2024,July,2024,Staked,Underhill,lucida,501,3-9,Yes,leaves,3,154,none,5013-9,,,,,
7/23/2024,July,2024,Staked,Underhill,lucida,502,2-19,No,leaves,0,75,none,5022-19,,,,,
7/23/2024,July,2024,Staked,Underhill,lucida,503,1-31,No,leaves,0,101,none,5031-31,,,,,
7/23/2024,July,2024,Staked,Underhill,lucida,504,2-42,No,leaves,0,89,none,5042-42,,,,,
7/23/2024,July,2024,Staked,Underhill,lucida,505,1-59,No,leaves,0,67,none,5051-59,,,,,
7/23/2024,July,2024,Staked,Underhill,discolor,506,2-3,No,leaves,0,99,none,5062-3,,died,,,
7/23/2024,July,2024,Staked,Underhill,discolor,507,2-12,No,leaves,0,77,none,5072-12,,died,,,
7/23/2024,July,2024,Staked,Underhill,discolor,508,1-28,No,leaves,0,67,none,5081-28,,,,,
7/23/2024,July,2024,Staked,Underhill,discolor,509,3-33,Yes,leaves,0,87,none,5093-33,,died,,,
7/23/2024,July,2024,Staked,Underhill,discolor,510,2-46,No,leaves,0,74,none,5102-46,,died,,,
7/23/2024,July,2024,Staked,Underhill,purpurea,511,2-1,No,leaves,0,80,rodent,5112-1,,,,,
7/23/2024,July,2024,Staked,Underhill,purpurea,512,2-10,No,leaves,0,84,none,5122-10,,,,,
7/23/2024,July,2024,Staked,Underhill,purpurea,513,1-26,Yes,leaves,0,107,rodent,5131-26,,,,,
7/23/2024,July,2024,Staked,Underhill,purpurea,514,3-32,No,leaves,1,144,none,5143-32,,,,,
7/23/2024,July,2024,Staked,Underhill,purpurea,515,2-45,No,leaves,1,75,rodent,5152-45,,,,,
7/23/2024,July,2024,Staked,Underhill,sericea,516,2-14,No,leaves,1,81,none,5162-14,,,,,
7/23/2024,July,2024,Staked,Underhill,sericea,667,1-18,No,leaves,1,115,none,6671-18,,died,,,
7/23/2024,July,2024,Staked,Underhill,sericea,518,2-32,No,leaves,2,107,none,5182-32,,,,,
7/23/2024,July,2024,Staked,Underhill,sericea,519,1-43,No,leaves,0,97,none,5191-43,,,,,
7/23/2024,July,2024,Staked,Underhill,sericea,520,3-52,Yes,leaves,0,93,rodent,5203-52,,,,,
7/23/2024,July,2024,Staked,Barberry,purpurea,521,2-3,No,leaves,1,94,rodent,5212-3,,,,,
7/23/2024,July,2024,Staked,Barberry,purpurea,522,1-13,No,leaves,1,127,none,5221-13,,,,,
7/23/2024,July,2024,Staked,Barberry,purpurea,523,2-18,No,leaves,0,41,rodent,5232-18,,,,,
7/23/2024,July,2024,Staked,Barberry,purpurea,524,2-47,No,leaves,3,104,none,5242-47,,,,,
7/23/2024,July,2024,Staked,Barberry,purpurea,525,3-55,Yes,leaves,2,141,none,5253-55,,,,,
7/23/2024,July,2024,Staked,Barberry,sericea,526,2-7,No,leaves,1,107,none,5262-7,,,,,
7/23/2024,July,2024,Staked,Barberry,sericea,527,3-8,Yes,leaves,2,119,none,5273-8,,,,,
7/23/2024,July,2024,Staked,Barberry,sericea,528,1-16,No,leaves,1,63,rodent,5281-16,,,,,
7/23/2024,July,2024,Staked,Barberry,sericea,529,1-23,No,leaves,2,90,none,5291-23,,,,,
7/23/2024,July,2024,Staked,Barberry,sericea,530,3-48,Yes,leaves,3,122,none,5303-48,,,,,
7/23/2024,July,2024,Staked,Barberry,lucida,531,1-12,No,leaves,1,86,none,5311-12,,,,,
7/23/2024,July,2024,Staked,Barberry,lucida,532,3-18,Yes,leaves,3,123,none,5323-18,,,,,
7/23/2024,July,2024,Staked,Barberry,lucida,533,2-31,No,leaves,4,96,none,5332-31,,,,,
7/23/2024,July,2024,Staked,Barberry,lucida,491,3-47,Yes,leaves,1,64,none,4913-47,,,,,
7/23/2024,July,2024,Staked,Barberry,lucida,535,2-57,No,leaves,1,72,none,5352-57,,died,,,
7/23/2024,July,2024,Staked,Barberry,discolor,536,2-3,No,leaves,2,94,none,5362-3,,,,,
7/23/2024,July,2024,Staked,Barberry,discolor,537,1-20,No,leaves,1,72,none,5371-20,,,,,
7/23/2024,July,2024,Staked,Barberry,discolor,538,2-27,No,leaves,3,79,none,5382-27,,,,,
7/23/2024,July,2024,Staked,Barberry,discolor,539,3-47,Yes,leaves,1,88,none,5393-47,,,,,
7/23/2024,July,2024,Staked,Barberry,discolor,540,3-61,Yes,leaves,1,102,none,5403-61,,,,,
7/23/2024,July,2024,Staked,GP1,discolor,541,3-3,Yes,leaves,0,56,none,5413-3,,died,,,
7/23/2024,July,2024,Staked,GP1,discolor,542,3-12,No,leaves,0,90,none,5423-12,,,,,
7/23/2024,July,2024,Staked,GP1,discolor,543,2-28,Yes,leaves,2,91,none,5432-28,,,,,
7/23/2024,July,2024,Staked,GP1,discolor,544,1-38,No,leaves,0,69,rodent,5441-38,,,,,
7/23/2024,July,2024,Staked,GP1,discolor,545,2-49,No,leaves,0,64,rodent,5452-49,,,,,
7/23/2024,July,2024,Staked,GP1,purpurea,546,1-10,No,leaves,0,57,rodent,5461-10,,died,,,
7/23/2024,July,2024,Staked,GP1,purpurea,547,1-25,No,leaves,1,98,none,5471-25,,,,,
7/23/2024,July,2024,Staked,GP1,purpurea,548,2-32,No,leaves,0,101,rodent,5482-32,,,,,
7/23/2024,July,2024,Staked,GP1,purpurea,549,1-37,No,leaves,1,87,rodent,5491-37,,,,,
7/23/2024,July,2024,Staked,GP1,purpurea,550,2-52,No,leaves,2,107,rodent,5502-52,,,,,
7/23/2024,July,2024,Staked,GP1,lucida,551,2-18,No,leaves,0,64,rodent,5512-18,,died,,,
7/23/2024,July,2024,Staked,GP1,lucida,552,3-34,Yes,leaves,0,62,none,5523-34,,,,,
7/23/2024,July,2024,Staked,GP1,lucida,553,1-41,No,leaves,4,92,none,5531-41,,,,,
7/23/2024,July,2024,Staked,GP1,lucida,554,2-46,No,leaves,1,95,none,5542-46,,,,,
7/23/2024,July,2024,Staked,GP1,lucida,555,1-53,No,leaves,0,83,none,5551-53,,,,,
7/23/2024,July,2024,Staked,GP1,sericea,556,3-18,Yes,leaves,0,73,none,5563-18,,,,,
7/23/2024,July,2024,Staked,GP1,sericea,557,2-32,No,leaves,2,95,rodent,5572-32,,,,,
7/23/2024,July,2024,Staked,GP1,sericea,558,3-42,Yes,leaves,1,77,none,5583-42,,died,,,
7/23/2024,July,2024,Staked,GP1,sericea,559,2-50,No,leaves,1,116,none,5592-50,,,,,
7/23/2024,July,2024,Staked,GP1,sericea,560,3-54,Yes,leaves,1,67,none,5603-54,,,,,
7/23/2024,July,2024,Staked,GP2,sericea,561,2-8,No,leaves,1,80,none,5612-8,,,,,
7/23/2024,July,2024,Staked,GP2,sericea,562,1-12,No,leaves,0,84,rodent,5621-12,,,,,
7/23/2024,July,2024,Staked,GP2,sericea,563,2-29,No,leaves,3,112,none,5632-29,,,,,
7/23/2024,July,2024,Staked,GP2,sericea,564,1-39,No,leaves,3,120,none,5641-39,,,,,
7/23/2024,July,2024,Staked,GP2,sericea,565,3-43,Yes,leaves,1,86,none,5653-43,,,,,
7/23/2024,July,2024,Staked,GP2,lucida,566,2-6,No,leaves,1,81,none,5662-6,,,,,
7/23/2024,July,2024,Staked,GP2,lucida,567,3-16,Yes,leaves,3,113,none,5673-16,,,,,
7/23/2024,July,2024,Staked,GP2,lucida,568,3-27,Yes,leaves,2,95,none,5683-27,,,,,
7/23/2024,July,2024,Staked,GP2,lucida,569,2-30,No,leaves,1,66,rodent,5692-30,,,,,
7/23/2024,July,2024,Staked,GP2,lucida,570,3-49,Yes,leaves,0,58,none,5703-49,,,,,
7/23/2024,July,2024,Staked,GP2,purpurea,571,1-11,No,leaves,0,94,none,5711-11,,,,,
7/23/2024,July,2024,Staked,GP2,purpurea,572,3-15,Yes,leaves,0,120,none,5723-15,,,,,
7/23/2024,July,2024,Staked,GP2,purpurea,573,2-22,No,leaves,2,108,none,5732-22,,,,,
7/23/2024,July,2024,Staked,GP2,purpurea,574,2-55,No,leaves,0,98,none,5742-55,,,,,
7/23/2024,July,2024,Staked,GP2,purpurea,575,3-55,Yes,leaves,1,141,none,5753-55,,,,,
7/23/2024,July,2024,Staked,GP2,discolor,576,1-10,No,leaves,0,53,none,5761-10,,,,,
7/23/2024,July,2024,Staked,GP2,discolor,577,3-14,Yes,leaves,0,92,none,5773-14,,,,,
7/23/2024,July,2024,Staked,GP2,discolor,578,2-27,No,leaves,1,99,none,5782-27,,,,,
7/23/2024,July,2024,Staked,GP2,discolor,579,2-47,No,leaves,1,78,rodent,5792-47,,,,,
7/23/2024,July,2024,Staked,GP2,discolor,580,2-55,No,leaves,1,72,none,5802-55,,,,,
7/17/2024,July,2024,Rooted,Underhill,lucida,581,1-3,Yes,leaves,1,82,none,5811-3,,,,,
7/17/2024,July,2024,Rooted,Underhill,lucida,582,2-6,No,leaves,1,80,none,5822-6,,,,,
7/17/2024,July,2024,Rooted,Underhill,lucida,583,3-12,No,leaves,1,92,none,5833-12,,,,,
7/17/2024,July,2024,Rooted,Underhill,lucida,584,1-17,No,leaves,0,43,none,5841-17,,,,,
7/17/2024,July,2024,Rooted,Underhill,lucida,585,2-25,No,leaves,3,95,none,5852-25,,,,,
7/17/2024,July,2024,Rooted,Underhill,discolor,586,3-4,No,leaves,0,78,none,5863-4,,,,,
7/17/2024,July,2024,Rooted,Underhill,discolor,587,1-8,No,leaves,0,60,none,5871-8,,,,,
7/17/2024,July,2024,Rooted,Underhill,discolor,588,2-10,No,leaves,0,45,none,5882-10,,,,,
7/17/2024,July,2024,Rooted,Underhill,discolor,589,2-19,Yes,leaves,1,71,none,5892-19,,,,,
7/17/2024,July,2024,Rooted,Underhill,discolor,590,3-24,No,leaves,2,72,none,5903-24,,,,,
7/17/2024,July,2024,Rooted,Underhill,purpurea,591,1-3,No,leaves,1,79,none,5911-3,,,,,
7/17/2024,July,2024,Rooted,Underhill,purpurea,592,2-6,No,leaves,2,94,none,5922-6,,,,,
7/17/2024,July,2024,Rooted,Underhill,purpurea,593,1-9,Yes,leaves,2,84,none,5931-9,,,,,
7/17/2024,July,2024,Rooted,Underhill,purpurea,594,3-15,No,leaves,1,94,none,5943-15,,,,,
7/17/2024,July,2024,Rooted,Underhill,purpurea,595,2-25,No,leaves,2,86,none,5952-25,,,,,
7/17/2024,July,2024,Rooted,Underhill,sericea,596,1-3,No,leaves,2,79,none,5961-3,,,,,
7/17/2024,July,2024,Rooted,Underhill,sericea,597,2-7,No,leaves,1,98,none,5972-7,,,,,
7/17/2024,July,2024,Rooted,Underhill,sericea,598,3-14,No,leaves,1,47,none,5983-14,,,,,
7/17/2024,July,2024,Rooted,Underhill,sericea,599,2-18,No,leaves,1,50,none,5992-18,,,,,
7/17/2024,July,2024,Rooted,Underhill,sericea,600,3-30,Yes,leaves,0,77,none,6003-30,,,,,
7/17/2024,July,2024,Rooted,Barberry,purpurea,602,2-2,N/A,leaves,3,79,none,6022-2,,,,,
7/17/2024,July,2024,Rooted,Barberry,purpurea,603,3-5,N/A,leaves,3,96,none,6033-5,,,,,
7/17/2024,July,2024,Rooted,Barberry,purpurea,604,1-9,N/A,leaves,5,98,none,6041-9,,,,,
7/17/2024,July,2024,Rooted,Barberry,purpurea,605,2-17,N/A,leaves,3,119,none,6052-17,,,,,
7/17/2024,July,2024,Rooted,Barberry,purpurea,606,3-24,N/A,leaves,4,127,none,6063-24,,,,,
7/17/2024,July,2024,Rooted,Barberry,sericea,607,1-1,N/A,leaves,3,79,rodent,6071-1,,,,,
7/17/2024,July,2024,Rooted,Barberry,sericea,608,2-8,N/A,leaves,2,63,none,6082-8,,,,,
7/17/2024,July,2024,Rooted,Barberry,sericea,609,3-11,N/A,leaves,3,79,none,6093-11,,,,,
7/17/2024,July,2024,Rooted,Barberry,sericea,610,2-19,N/A,leaves,1,101,none,6102-19,,,,,
7/17/2024,July,2024,Rooted,Barberry,sericea,611,3-26,N/A,leaves,3,56,none,6113-26,,,,,
7/17/2024,July,2024,Rooted,Barberry,lucida,612,3-3,N/A,leaves,5,98,none,6123-3,,,,,
7/17/2024,July,2024,Rooted,Barberry,lucida,613,2-6,N/A,leaves,2,74,none,6132-6,,,,,
7/17/2024,July,2024,Rooted,Barberry,lucida,614,3-10,N/A,leaves,4,79,none,6143-10,,,,,
7/17/2024,July,2024,Rooted,Barberry,lucida,615,2-18,N/A,leaves,2,83,none,6152-18,,,,,
7/17/2024,July,2024,Rooted,Barberry,lucida,616,1-28,N/A,leaves,2,108,none,6161-28,,,,,
7/17/2024,July,2024,Rooted,Barberry,discolor,617,1-3,N/A,leaves,3,71,none,6171-3,,,,,
7/17/2024,July,2024,Rooted,Barberry,discolor,618,2-6,N/A,leaves,2,82,none,6182-6,,,,,
7/17/2024,July,2024,Rooted,Barberry,discolor,619,2-9,N/A,leaves,4,101,none,6192-9,,,,,
7/17/2024,July,2024,Rooted,Barberry,discolor,620,2-15,N/A,leaves,2,83,none,6202-15,,,,,
7/17/2024,July,2024,Rooted,Barberry,discolor,621,3-19,N/A,leaves,3,93,none,6213-19,,,,,
10/8/2024,October,2024,Rooted,Barberry,purpurea,602,2-2,N/A,leaves,0,77,rodent,6022-2,,,,,
10/8/2024,October,2024,Rooted,Barberry,purpurea,603,3-5,N/A,leaves,0,97,rodent,6033-5,,,,,
10/8/2024,October,2024,Rooted,Barberry,purpurea,604,1-9,N/A,leaves,1,126,rodent,6041-9,,,,,
10/8/2024,October,2024,Rooted,Barberry,purpurea,605,2-17,N/A,leaves,1,118,rodent,6052-17,,,,,
10/8/2024,October,2024,Rooted,Barberry,purpurea,606,3-24,N/A,leaves,1,132,rodent,6063-24,,,,,
10/8/2024,October,2024,Rooted,Barberry,sericea,607,1-1,N/A,leaves,0,69,rodent,6071-1,,,,,
10/8/2024,October,2024,Rooted,Barberry,sericea,608,2-8,N/A,leaves,1,71,rodent,6082-8,,,,,
10/8/2024,October,2024,Rooted,Barberry,sericea,609,3-11,N/A,leaves,1,98,rodent,6093-11,,,,,
10/8/2024,October,2024,Rooted,Barberry,sericea,610,2-19,N/A,leaves,1,117,rodent,6102-19,,,,,
10/8/2024,October,2024,Rooted,Barberry,sericea,611,3-26,N/A,leaves,1,71,rodent,6113-26,,,,,
10/8/2024,October,2024,Rooted,Barberry,lucida,612,3-3,N/A,leaves,1,93,rodent,6123-3,,,,,
10/8/2024,October,2024,Rooted,Barberry,lucida,613,2-6,N/A,leaves,0,76,rodent,6132-6,,,,,
10/8/2024,October,2024,Rooted,Barberry,lucida,614,3-10,N/A,leaves,1,92,rodent,6143-10,,,,,
10/8/2024,October,2024,Rooted,Barberry,lucida,615,2-18,N/A,leaves,0,92,rodent,6152-18,,,,,
10/8/2024,October,2024,Rooted,Barberry,lucida,616,1-28,N/A,leaves,0,114,rodent,6161-28,,,,,
10/8/2024,October,2024,Rooted,Barberry,discolor,617,1-3,N/A,leaves,0,76,rodent,6171-3,,,,,
10/8/2024,October,2024,Rooted,Barberry,discolor,618,2-6,N/A,leaves,0,84,rodent,6182-6,,,,,
10/8/2024,October,2024,Rooted,Barberry,discolor,619,2-9,N/A,leaves,2,102,rodent,6192-9,,,,,
10/8/2024,October,2024,Rooted,Barberry,discolor,620,2-15,N/A,leaves,1,89,rodent,6202-15,,,,,
10/8/2024,October,2024,Rooted,Barberry,discolor,621,3-19,N/A,leaves,0,99,rodent,6213-19,,,,,
10/8/2024,October,2024,Rooted,Underhill,lucida,581,1-3,Yes,leaves,1,71,rodent ,5811-3,,,,,
10/8/2024,October,2024,Rooted,Underhill,lucida,582,2-6,No,leaves,1,71,none,5822-6,,,,,
10/8/2024,October,2024,Rooted,Underhill,lucida,583,3-12,No,leaves,1,75,none,5833-12,,,,,
10/8/2024,October,2024,Rooted,Underhill,lucida,584,1-17,No,leaves,0,49,none,5841-17,,,,,
10/8/2024,October,2024,Rooted,Underhill,lucida,585,2-25,No,leaves,3,86,rodent ,5852-25,,,,,
10/8/2024,October,2024,Rooted,Underhill,discolor,586,3-4,No,leaves,0,82,none,5863-4,,,,,
10/8/2024,October,2024,Rooted,Underhill,discolor,587,1-8,No,leaves,0,23,none,5871-8,,,,,
10/8/2024,October,2024,Rooted,Underhill,discolor,588,2-10,No,leaves,0,42,none,5882-10,,,,,
10/8/2024,October,2024,Rooted,Underhill,discolor,589,2-19,Yes,leaves,1,68,none,5892-19,,,,,
10/8/2024,October,2024,Rooted,Underhill,discolor,590,3-24,No,leaves,2,71,rodent ,5903-24,,,,,
10/8/2024,October,2024,Rooted,Underhill,purpurea,591,1-3,No,leaves,1,85,rodent ,5911-3,,,,,
10/8/2024,October,2024,Rooted,Underhill,purpurea,592,2-6,No,leaves,2,84,none,5922-6,,,,,
10/8/2024,October,2024,Rooted,Underhill,purpurea,593,1-9,Yes,leaves,2,95,rodent ,5931-9,,,,,
10/8/2024,October,2024,Rooted,Underhill,purpurea,594,3-15,No,leaves,1,116,none,5943-15,,,,,
10/8/2024,October,2024,Rooted,Underhill,purpurea,595,2-25,No,leaves,2,98,none,5952-25,,,,,
10/8/2024,October,2024,Rooted,Underhill,sericea,596,1-3,No,leaves,2,82,none,5961-3,,,,,
10/8/2024,October,2024,Rooted,Underhill,sericea,597,2-7,No,leaves,1,94,none,5972-7,,,,,
10/8/2024,October,2024,Rooted,Underhill,sericea,598,3-14,No,leaves,1,52,none,5983-14,,,,,
10/8/2024,October,2024,Rooted,Underhill,sericea,599,2-18,No,leaves,1,45,none,5992-18,,,,,
10/8/2024,October,2024,Rooted,Underhill,sericea,600,3-30,Yes,leaves,0,63,none,6003-30,,,,,
10/8/2024,October,2024,Rooted,GP1,discolor,629,1-4,N/A,leaves,1,82,none,6291-4,,,,,
10/8/2024,October,2024,Rooted,GP1,discolor,628,1-9,N/A,leaves,3,120,none,6281-9,,,,,
10/8/2024,October,2024,Rooted,GP1,discolor,627,2-20,N/A,leaves,1,65,none,6272-20,,,,,
10/8/2024,October,2024,Rooted,GP1,discolor,626,1-28,N/A,leaves,0,60,none,6261-28,,,,,
10/8/2024,October,2024,Rooted,GP1,discolor,625,2-34,N/A,leaves,2,124,none,6252-34,,,,,
10/8/2024,October,2024,Rooted,GP1,purpurea,624,1-7,N/A,leaves,0,70,rodent ,6241-7,,,,,
10/8/2024,October,2024,Rooted,GP1,purpurea,623,2-16,N/A,leaves,0,84,none,6232-16,,,,,
10/8/2024,October,2024,Rooted,GP1,purpurea,622,1-26,N/A,leaves,1,109,none,6221-26,,,,,
10/8/2024,October,2024,Rooted,GP1,purpurea,641,2-39,N/A,leaves,1,105,none,6412-39,,,,,
10/8/2024,October,2024,Rooted,GP1,purpurea,640,1-46,N/A,leaves,0,62,none,6401-46,,,,,
10/8/2024,October,2024,Rooted,GP1,lucida,639,2-3,N/A,leaves,0,84,none,6392-3,,,,,
10/8/2024,October,2024,Rooted,GP1,lucida,638,1-12,N/A,leaves,0,101,none,6381-12,,,,,
10/8/2024,October,2024,Rooted,GP1,lucida,637,2-23,N/A,leaves,1,102,none,6372-23,,,,,
10/8/2024,October,2024,Rooted,GP1,lucida,636,1-33,N/A,leaves,0,78,none,6361-33,,,,,
10/8/2024,October,2024,Rooted,GP1,lucida,635,2-39,N/A,leaves,0,69,none,6352-39,,,,,
10/8/2024,October,2024,Rooted,GP1,sericea,634,1-6,N/A,leaves,0,32,none,6341-6,,,,,
10/8/2024,October,2024,Rooted,GP1,sericea,633,2-16,N/A,leaves,0,84,none,6332-16,,,,,
10/8/2024,October,2024,Rooted,GP1,sericea,632,1-22,N/A,leaves,0,34,none,6321-22,,,,,
10/8/2024,October,2024,Rooted,GP1,sericea,631,1-28,N/A,leaves,0,67,none,6311-28,,,,,
10/8/2024,October,2024,Rooted,GP1,sericea,630,2-33,N/A,leaves,0,68,none,6302-33,,,,,
10/8/2024,October,2024,Rooted,GP2,sericea,642,1-3,No,leaves,0,70,rodent,6421-3,,,,,
10/8/2024,October,2024,Rooted,GP2,sericea,643,3-11,No,leaves,0,80,none,6433-11,,,,,
10/8/2024,October,2024,Rooted,GP2,sericea,644,2-18,No,leaves,0,97,none,6442-18,,,,,
10/8/2024,October,2024,Rooted,GP2,sericea,645,2-31,No,leaves,0,88,none,6452-31,,,,,
10/8/2024,October,2024,Rooted,GP2,sericea,646,3-36,No,leaves,0,72,none,6463-36,,,,,
10/8/2024,October,2024,Rooted,GP2,lucida,647,3-3,No,leaves,1,95,none,6473-3,,,,,
10/8/2024,October,2024,Rooted,GP2,lucida,648,2-8,No,leaves,0,78,none,6482-8,,,,,
10/8/2024,October,2024,Rooted,GP2,lucida,649,1-15,No,leaves,0,98,none,6491-15,,,,,
10/8/2024,October,2024,Rooted,GP2,lucida,650,2-30,No,leaves,0,76,none,6502-30,,,,,
10/8/2024,October,2024,Rooted,GP2,lucida,651,1-35,No,leaves,0,58,none,6511-35,,,,,
10/8/2024,October,2024,Rooted,GP2,purpurea,652,2-2,No,leaves,0,76,rodent,6522-2,,,,,
10/8/2024,October,2024,Rooted,GP2,purpurea,653,3-15,No,leaves,0,47,rodent,6533-15,,,,,
10/8/2024,October,2024,Rooted,GP2,purpurea,654,1-21,No,leaves,0,82,none,6541-21,,,,,
10/8/2024,October,2024,Rooted,GP2,purpurea,655,2-39,No,leaves,0,91,none,6552-39,,,,,
10/8/2024,October,2024,Rooted,GP2,purpurea,656,2-45,No,leaves,0,56,none,6562-45,,,,,
10/8/2024,October,2024,Rooted,GP2,discolor,657,1-6,No,leaves,2,77,none,6571-6,,,,,
10/8/2024,October,2024,Rooted,GP2,discolor,658,2-10,No,leaves,0,65,none,6582-10,,,,,
10/8/2024,October,2024,Rooted,GP2,discolor,659,3-17,No,leaves,0,75,none,6593-17,,,,,
10/8/2024,October,2024,Rooted,GP2,discolor,660,2-29,No,leaves,1,68,none,6602-29,,,,,
10/8/2024,October,2024,Rooted,GP2,discolor,661,3-38,No,leaves,0,70,none,6613-38,,,,,
10/8/2024,October,2024,Staked,Underhill,lucida,501,3-9,Yes,leaves,3,156,none,5013-9,,,,,
10/8/2024,October,2024,Staked,Underhill,lucida,502,2-19,No,leaves,0,74,rodent,5022-19,,,,,
10/8/2024,October,2024,Staked,Underhill,lucida,503,1-31,No,leaves,0,98,none,5031-31,,died,,,
10/8/2024,October,2024,Staked,Underhill,lucida,504,2-42,No,leaves,0,87,none,5042-42,,,,,
10/8/2024,October,2024,Staked,Underhill,lucida,505,1-59,No,leaves,0,66,none,5051-59,,,,,
10/8/2024,October,2024,Staked,Underhill,discolor,506,1-9,Yes,leaves,0,57,rodent,5061-9,,,,,
10/8/2024,October,2024,Staked,Underhill,discolor,507,2-13,No,leaves,0,109,rodent,5072-13,,,,,
10/8/2024,October,2024,Staked,Underhill,discolor,508,1-28,No,leaves,0,67,none,5081-28,,,,,
10/8/2024,October,2024,Staked,Underhill,discolor,509,3-30,Yes,leaves,0,119,none,5093-30,,,,,
10/8/2024,October,2024,Staked,Underhill,discolor,510,2-44,No,leaves,0,60,rodent,5102-44,,,,,
10/8/2024,October,2024,Staked,Underhill,purpurea,511,2-1,No,leaves,0,78,rodent,5112-1,,,,,
10/8/2024,October,2024,Staked,Underhill,purpurea,512,2-10,No,leaves,0,84,none,5122-10,,,,,
10/8/2024,October,2024,Staked,Underhill,purpurea,513,1-26,Yes,leaves,0,106,none,5131-26,,,,,
10/8/2024,October,2024,Staked,Underhill,purpurea,514,3-32,No,leaves,1,143,none,5143-32,,,,,
10/8/2024,October,2024,Staked,Underhill,purpurea,515,2-45,No,leaves,1,76,rodent,5152-45,,,,,
10/8/2024,October,2024,Staked,Underhill,sericea,516,2-14,No,leaves,1,77,rodent,5162-14,,,,,
10/8/2024,October,2024,Staked,Underhill,sericea,667,1-20,No,leaves,1,96,none,6671-20,,,,,
10/8/2024,October,2024,Staked,Underhill,sericea,518,2-32,No,leaves,2,110,rodent,5182-32,,,,,
10/8/2024,October,2024,Staked,Underhill,sericea,519,1-43,No,leaves,0,99,none,5191-43,,,,,
10/8/2024,October,2024,Staked,Underhill,sericea,520,3-52,Yes,leaves,0,94,none,5203-52,,,,,
10/8/2024,October,2024,Staked,Barberry,purpurea,521,2-3,No,leaves,1,91,rodent,5212-3,,,,,
10/8/2024,October,2024,Staked,Barberry,purpurea,522,1-13,No,leaves,1,127,none,5221-13,,,,,
10/8/2024,October,2024,Staked,Barberry,purpurea,523,2-18,No,leaves,0,136,none,5232-18,,,,,
10/8/2024,October,2024,Staked,Barberry,purpurea,524,2-47,No,leaves,3,109,rodent,5242-47,,,,,
10/8/2024,October,2024,Staked,Barberry,purpurea,525,3-55,Yes,leaves,2,142,none,5253-55,,,,,
10/8/2024,October,2024,Staked,Barberry,sericea,526,2-7,Yes,leaves,1,107,rodent,5262-7,,,,,
10/8/2024,October,2024,Staked,Barberry,sericea,527,3-8,Yes,leaves,2,114,none,5273-8,,,,,
10/8/2024,October,2024,Staked,Barberry,sericea,528,1-16,No,leaves,1,86,rodent,5281-16,,,,,
10/8/2024,October,2024,Staked,Barberry,sericea,529,1-23,Yes,leaves,2,93,rodent,5291-23,,,,,
10/8/2024,October,2024,Staked,Barberry,sericea,530,3-48,Yes,leaves,3,121,none,5303-48,,,,,
10/8/2024,October,2024,Staked,Barberry,lucida,531,1-12,No,leaves,1,105,rodent,5311-12,,,,,
10/8/2024,October,2024,Staked,Barberry,lucida,532,3-18,Yes,leaves,3,119,none,5323-18,,,,,
10/8/2024,October,2024,Staked,Barberry,lucida,533,2-31,Yes,leaves,4,96,rodent,5332-31,,,,,
10/8/2024,October,2024,Staked,Barberry,lucida,491,3-47,Yes,leaves,1,48,none,4913-47,,,,,
10/8/2024,October,2024,Staked,Barberry,lucida,535,2-58,No,leaves,1,80,rodent,5352-58,,,,,
10/8/2024,October,2024,Staked,Barberry,discolor,536,2-3,Yes,leaves,2,87,rodent,5362-3,,,,,
10/8/2024,October,2024,Staked,Barberry,discolor,537,1-20,Yes,leaves,1,68,rodent,5371-20,,,,,
10/8/2024,October,2024,Staked,Barberry,discolor,538,2-27,Yes,leaves,3,70,rodent,5382-27,,,,,
10/8/2024,October,2024,Staked,Barberry,discolor,539,3-47,Yes,leaves,1,91,none,5393-47,,,,,
10/8/2024,October,2024,Staked,Barberry,discolor,540,3-61,Yes,leaves,1,98,none,5403-61,,,,,
 10/8/2024,October,2024,Staked,GP1,discolor,541,3-2,Yes,leaves,1,116,rodent,5413-2,,,,,
 10/8/2024,October,2024,Staked,GP1,discolor,542,3-12,Yes,leaves,0,87,none,5423-12,,,,,
 10/8/2024,October,2024,Staked,GP1,discolor,543,2-28,No,leaves,0,89,rodent,5432-28,,,,,
 10/8/2024,October,2024,Staked,GP1,discolor,544,1-38,No,leaves,0,68,rodent,5441-38,,,,,
 10/8/2024,October,2024,Staked,GP1,discolor,545,2-49,No,leaves,0,65,rodent,5452-49,,,,,
 10/8/2024,October,2024,Staked,GP1,purpurea,546,1-9,No,leaves,0,100,rodent,5461-9,,,,,
 10/8/2024,October,2024,Staked,GP1,purpurea,547,1-25,No,leaves,0,98,none,5471-25,,,,,
 10/8/2024,October,2024,Staked,GP1,purpurea,548,2-32,No,leaves,0,101,rodent,5482-32,,,,,
 10/8/2024,October,2024,Staked,GP1,purpurea,549,1-37,No,leaves,0,81,rodent,5491-37,,,,,
 10/8/2024,October,2024,Staked,GP1,purpurea,550,2-52,No,leaves,0,107,rodent,5502-52,,,,,
 10/8/2024,October,2024,Staked,GP1,lucida,551,2-19,No,leaves,0,80,rodent,5512-19,,,,,
 10/8/2024,October,2024,Staked,GP1,lucida,552,3-34,Yes,leaves,0,63,none,5523-34,,,,,
 10/8/2024,October,2024,Staked,GP1,lucida,553,1-41,No,leaves,2,91,rodent,5531-41,,,,,
 10/8/2024,October,2024,Staked,GP1,lucida,554,2-46,No,leaves,0,95,rodent,5542-46,,,,,
 10/8/2024,October,2024,Staked,GP1,lucida,555,1-53,No,leaves,0,70,rodent,5551-53,,,,,
 10/8/2024,October,2024,Staked,GP1,sericea,556,3-18,Yes,leaves,0,72,none,5563-18,,,,,
 10/8/2024,October,2024,Staked,GP1,sericea,557,2-32,No,leaves,1,89,none,5572-32,,,,,
 10/8/2024,October,2024,Staked,GP1,sericea,558,3-43,Yes,leaves,0,107,none,5583-43,,,,,
 10/8/2024,October,2024,Staked,GP1,sericea,559,2-50,No,leaves,0,64,none,5592-50,,,,,
 10/8/2024,October,2024,Staked,GP1,sericea,560,3-54,No,leaves,0,112,rodent,5603-54,,,,,
 10/8/2024,October,2024,Staked,GP2,sericea,561,2-8,No,leaves,0,75,rodent,5612-8,,,,,
 10/8/2024,October,2024,Staked,GP2,sericea,562,1-12,No,leaves,0,77,rodent,5621-12,,,,,
 10/8/2024,October,2024,Staked,GP2,sericea,563,2-29,No,leaves,0,108,rodent,5632-29,,,,,
 10/8/2024,October,2024,Staked,GP2,sericea,564,1-39,No,leaves,3,119,rodent,5641-39,,,,,
 10/8/2024,October,2024,Staked,GP2,sericea,565,3-43,Yes,leaves,0,82,rodent,5653-43,,,,,
 10/8/2024,October,2024,Staked,GP2,lucida,566,2-6,No,leaves,1,77,rodent,5662-6,,,,,
 10/8/2024,October,2024,Staked,GP2,lucida,567,3-16,Yes,leaves,2,115,none,5673-16,,,,,
 10/8/2024,October,2024,Staked,GP2,lucida,568,3-27,Yes,leaves,2,108,rodent,5683-27,,,,,
 10/8/2024,October,2024,Staked,GP2,lucida,569,2-30,No,leaves,0,62,rodent,5692-30,,,,,
 10/8/2024,October,2024,Staked,GP2,lucida,570,3-49,Yes,leaves,0,70,none,5703-49,,,,,
 10/8/2024,October,2024,Staked,GP2,purpurea,571,1-11,No,leaves,0,92,rodent,5711-11,,,,,
 10/8/2024,October,2024,Staked,GP2,purpurea,572,3-15,Yes,leaves,0,148,none,5723-15,,,,,
 10/8/2024,October,2024,Staked,GP2,purpurea,573,2-22,Yes,leaves,2,160,rodent,5732-22,,,,,
 10/8/2024,October,2024,Staked,GP2,purpurea,574,2-55,No,leaves,0,116,rodent,5742-55,,,,,
 10/8/2024,October,2024,Staked,GP2,purpurea,575,3-55,Yes,leaves,0,150,none,5753-55,,,,,
 10/8/2024,October,2024,Staked,GP2,discolor,576,1-10,No,leaves,0,53,rodent,5761-10,,,,,
 10/8/2024,October,2024,Staked,GP2,discolor,577,3-14,Yes,leaves,0,106,none,5773-14,,,,,
 10/8/2024,October,2024,Staked,GP2,discolor,578,2-27,Yes,leaves,0,90,rodent,5782-27,,,,,
 10/8/2024,October,2024,Staked,GP2,discolor,579,2-47,No,leaves,0,75,rodent,5792-47,,,,,
 10/8/2024,October,2024,Staked,GP2,discolor,580,2-55,No,leaves,0,65,rodent,5802-55,,,,,
4/23/2025,April,2025,Staked,Underhill,lucida,501,3-9,Yes,flowers,3,152,,5013-9,,,,1 dead stem,
4/23/2025,April,2025,Staked,Underhill,lucida,502,2-19,Yes,nothing,0,72,,5022-19,,,,4 dead stems,
4/23/2025,April,2025,Staked,Underhill,lucida,503,1-31,Yes,nothing,0,93,,5031-31,,,,"old rodent damage, dead stems",
4/23/2025,April,2025,Staked,Underhill,lucida,504,2-42,Yes,nothing,0,84,,5042-42,,,,5 dead stems,
4/23/2025,April,2025,Staked,Underhill,lucida,505,1-59,Yes,nothing,0,94,,5051-59,,,,lots of rodent damage,
4/23/2025,April,2025,Staked,Underhill,discolor,506,1-9,Yes,nothing,0,100,,5061-9,,,,,likely dead
4/23/2025,April,2025,Staked,Underhill,discolor,507,2-13,Yes,nothing,0,100,,5072-13,,,,"rodent damage, 2 dead stems",
4/23/2025,April,2025,Staked,Underhill,discolor,508,1-28,Yes,nothing,0,64,,5081-28,,,,many dead stems,
4/23/2025,April,2025,Staked,Underhill,discolor,509,3-30,Yes,nothing,0,110,,5093-30,,,,3 dead stems,
4/23/2025,April,2025,Staked,Underhill,discolor,510,2-44,Yes,nothing,0,58,,5102-44,,,,4 dead stems,
4/23/2025,April,2025,Staked,Underhill,purpurea,511,2-1,Yes,nothing,0,80,,5112-1,,,,"old rodent damage, 2 dead stems",
4/23/2025,April,2025,Staked,Underhill,purpurea,512,2-10,Yes,leaves,2,107,,5122-10,,,,"old rodent damage, 2 dead stems",
4/23/2025,April,2025,Staked,Underhill,purpurea,513,1-26,Yes,leaves,1,100,,5131-26,,,,"minimal rodent damage, 3 dead stems",
4/23/2025,April,2025,Staked,Underhill,purpurea,514,3-32,Yes,leaves,2,140,,5143-32,,,,3 dead stems,
4/23/2025,April,2025,Staked,Underhill,purpurea,515,2-45,Yes,nothing,0,72,,5152-45,,,,"lots of old rodent damage, 2 dead stems",
4/23/2025,April,2025,Staked,Underhill,sericea,516,2-14,Yes,leaves,4,110,,5162-14,,,,"old rodent damage, 3 dead stems",
4/23/2025,April,2025,Staked,Underhill,sericea,667,1-20,Yes,scaled buds,3,98,,6671-20,,,,,
4/23/2025,April,2025,Staked,Underhill,sericea,518,2-32,Yes,flowers,3,104,,5182-32,,,,"old rodent damage, 1 dead stem",
4/23/2025,April,2025,Staked,Underhill,sericea,519,1-43,Yes,scaled buds,3,92,,5191-43,,,,"bad rodent damage, 1 dead stem",
4/23/2025,April,2025,Staked,Underhill,sericea,520,3-52,Yes,nothing,0,80,,5203-52,,,,2 dead stems,likely dead
4/25/2025,April,2025,Rooted,Underhill,lucida,581,1-3,Yes,nothing,0,65,"old rodent damage, 2 dead stems",5811-3,,,,"likely dead, dried up",
4/25/2025,April,2025,Rooted,Underhill,lucida,582,2-6,Yes,leaves,2,75,old rodent damage  ,5822-6,,,,,
4/25/2025,April,2025,Rooted,Underhill,lucida,583,3-12,Yes,leaves,2,76,,5833-12,,,spiderweb,,
4/25/2025,April,2025,Rooted,Underhill,lucida,584,1-17,Yes,none,0,32,"2 dried stems, chewed stems",5841-17,,,,"still alive, but dried up and chewed",
4/25/2025,April,2025,Rooted,Underhill,lucida,585,2-25,Yes,flowers,5,85,4 chewed stems,5852-25,,,,,
4/25/2025,April,2025,Rooted,Underhill,discolor,586,3-4,Yes,flowers,2,86,none,5863-4,,,,,
4/25/2025,April,2025,Rooted,Underhill,discolor,587,1-8,Yes,flowers,0,23,all stems chewed,5871-8,,,,,
4/25/2025,April,2025,Rooted,Underhill,discolor,588,2-10,Yes,flowers,0,43,,5882-10,,,,,
4/25/2025,April,2025,Rooted,Underhill,discolor,589,2-19,Yes,flowers,1,76,,5892-19,,,,,
4/25/2025,April,2025,Rooted,Underhill,discolor,590,3-24,Yes,dormant buds,2,69,"3 dried, chewed stems",5903-24,,,,,
4/25/2025,April,2025,Rooted,Underhill,purpurea,591,1-3,Yes,leaves,2,85,,5911-3,,,,,
4/25/2025,April,2025,Rooted,Underhill,purpurea,592,2-6,Yes,leaves,1,87,old chewed stems,5922-6,,,,,
4/25/2025,April,2025,Rooted,Underhill,purpurea,593,1-9,Yes,flowers,2,94,1 old chewed stem,5931-9,,,,,
4/25/2025,April,2025,Rooted,Underhill,purpurea,594,3-15,Yes,flowers,3,120,some thin dried stems,5943-15,,,,,
4/25/2025,April,2025,Rooted,Underhill,purpurea,595,2-25,Yes,flowers,2,92,,5952-25,,,,,
4/25/2025,April,2025,Rooted,Underhill,sericea,596,1-3,Yes,dormant buds,1,73,old rodent damage,5961-3,,,pill bugs at base,"very dried out, but waking up",
4/25/2025,April,2025,Rooted,Underhill,sericea,597,2-7,Yes,flowers,1,60,"1 dried stem, chewed stems",5972-7,,,,,
4/25/2025,April,2025,Rooted,Underhill,sericea,598,3-14,Yes,leaves,1,50,many chewed stems,5983-14,,,,short due to chew damage,
4/25/2025,April,2025,Rooted,Underhill,sericea,599,2-18,Yes,flowers,2,61,old chewed stems,5992-18,,,,,
4/25/2025,April,2025,Rooted,Underhill,sericea,600,3-30,Yes,leaves,0,70,"many dried, chewed stems",6003-30,,,,"very dried out, but has a chewed stem thats just beginning to leaf out",
4/25/2025,April,2025,Staked,Barberry,purpurea,521,2-3,Yes,nothing,0,92,"dried up, and rodent damage",5212-3,,,,likely dead,
4/25/2025,April,2025,Staked,Barberry,purpurea,522,1-13,Yes,flowers,2,144,2 dried stems,5221-13,,,,,
4/25/2025,April,2025,Staked,Barberry,purpurea,523,2-18,Yes,flowers,2,149,2 dried stems,5232-18,,,,,
4/25/2025,April,2025,Staked,Barberry,purpurea,524,2-47,Yes,leaves,1,111,old chewed stems,5242-47,,,,,
4/25/2025,April,2025,Staked,Barberry,purpurea,525,3-55,Yes,leaves,2,143,,5253-55,,,,,
4/25/2025,April,2025,Staked,Barberry,sericea,526,2-7,Yes,none,0,100,dried up  ,5262-7,,,,likely dead,
4/25/2025,April,2025,Staked,Barberry,sericea,527,3-8,Yes,flowers,2,111,1 dried stem,5273-8,,,,,
4/25/2025,April,2025,Staked,Barberry,sericea,528,1-16,Yes,flowers,1,78,,5281-16,,,,submerged,
4/25/2025,April,2025,Staked,Barberry,sericea,529,1-23,Yes,leaves,1,83,many dried stems,5291-23,,,,leafing only at base,
4/25/2025,April,2025,Staked,Barberry,sericea,530,3-48,Yes,flowers,4,145,,5303-48,,,,"dead, moved to 3-39",
4/25/2025,April,2025,Staked,Barberry,lucida,531,1-12,Yes,none,0,67,all stems chewed,5311-12,,,,likely dead,
4/25/2025,April,2025,Staked,Barberry,lucida,532,3-18,Yes,none,0,65,dried up stems,5323-18,,,,likely dead,
4/25/2025,April,2025,Staked,Barberry,lucida,533,2-31,Yes,none,0,92,dried up,5332-31,,,,likely dead,
4/25/2025,April,2025,Staked,Barberry,lucida,491,3-47,Yes,leaves,0,79,very dry,4913-47,,,,recovering from dryness,
4/25/2025,April,2025,Staked,Barberry,lucida,535,2-58,Yes,open buds,1,81,very dry,5352-58,,,,"dried up, but waking up",
4/25/2025,April,2025,Staked,Barberry,discolor,536,2-3,Yes,dormant buds,1,88,"old rodent damage, very dry",5362-3,,,,"very dry, but waking up",
4/25/2025,April,2025,Staked,Barberry,discolor,537,1-20,Yes,none,0,70,old gurdeling,5371-20,,,,likely dead,
4/25/2025,April,2025,Staked,Barberry,discolor,538,2-27,Yes,none,0,74,"dried up, old rodent damage",5382-27,,,,likely dead,
4/25/2025,April,2025,Staked,Barberry,discolor,539,3-47,Yes,none,0,71,dried up,5393-47,,,,likely dead,
4/25/2025,April,2025,Staked,Barberry,discolor,540,3-61,Yes,none,0,94,dried up,5403-61,,,,likely dead,
4/25/2025,April,2025,Rooted,Barberry,purpurea,602,2-2,N/A,leaves,0,80,3 dried stems,6022-2,,,slug at the base,"slight leafing out at the base, all other stems are dried up",
4/25/2025,April,2025,Rooted,Barberry,purpurea,603,3-5,N/A,leaves,1,99,,6033-5,,,,,
4/25/2025,April,2025,Rooted,Barberry,purpurea,604,1-9,N/A,nothing,0,120,"old rodent damage, all stems are dried",6041-9,,,,likely dead,
4/25/2025,April,2025,Rooted,Barberry,purpurea,605,2-17,N/A,flowers,1,122,old rodent damage ,6052-17,,,insects on leaves,,
4/25/2025,April,2025,Rooted,Barberry,purpurea,606,3-24,N/A,nothing,0,138,"lots of rodent damage, dried up",6063-24,,,,likely dead,
4/25/2025,April,2025,Rooted,Barberry,sericea,607,1-1,N/A,leaves,2,64,old rodent,6071-1,,,,,
4/25/2025,April,2025,Rooted,Barberry,sericea,608,2-8,N/A,leaves,1,68,lots of rodent damage,6082-8,,,,just starting to leaf out,
4/25/2025,April,2025,Rooted,Barberry,sericea,609,3-11,N/A,flowers,2,93,"old rodent damage, 1 dried stem",6093-11,,,,,
4/25/2025,April,2025,Rooted,Barberry,sericea,610,2-19,N/A,flowers,1,105,,6102-19,,,,,
4/25/2025,April,2025,Rooted,Barberry,sericea,611,3-26,N/A,flowers,1,70,,6113-26,,,,,
4/25/2025,April,2025,Rooted,Barberry,lucida,612,3-3,N/A,flowers,2,95,old rodent damage,6123-3,,,,,
4/25/2025,April,2025,Rooted,Barberry,lucida,613,2-6,N/A,leaves,1,71,"old rodent damage, 1 dried stem",6132-6,,,,recovering from dessecation,
4/25/2025,April,2025,Rooted,Barberry,lucida,614,3-10,N/A,flowers,2,99,,6143-10,,,,,
4/25/2025,April,2025,Rooted,Barberry,lucida,615,2-18,N/A,flowers,1,95,old chewed stems,6152-18,,,,,
4/25/2025,April,2025,Rooted,Barberry,lucida,616,1-28,N/A,nothing,1,109,"old rodent, dried up",6161-28,,,,"very dry, still alive",
4/25/2025,April,2025,Rooted,Barberry,discolor,617,1-3,N/A,nothing,0,60,new rodent gurdeling,6171-3,,,,"dried up, still alive",
4/25/2025,April,2025,Rooted,Barberry,discolor,618,2-6,N/A,nothing,0,80,old rodent gurdeling,6182-6,,,,"dried up, sprouting at base",
4/25/2025,April,2025,Rooted,Barberry,discolor,619,2-9,N/A,flowers,4,100,looks diseased? or dry?,6192-9,,,,,
4/25/2025,April,2025,Rooted,Barberry,discolor,620,2-15,N/A,scaleless buds,4,85,dried up,6202-15,,,,looks very dry,
4/25/2025,April,2025,Rooted,Barberry,discolor,621,3-19,N/A,flowers,3,92,old rodent damage,6213-19,,,,,
4/23/2025,April,2025,Staked,GP1,discolor,541,3-2,Yes,nothing,0,79,rodent and deer,5413-2,,,none,likely dead,
4/23/2025,April,2025,Staked,GP1,discolor,542,3-12,Yes,leaves,0,85,none,5423-12,,,pill bug,suffering,
4/23/2025,April,2025,Staked,GP1,discolor,543,2-28,Yes,nothing,0,83,lots of old rodent damage,5432-28,,,spider web,likely dead,
4/23/2025,April,2025,Staked,GP1,discolor,544,1-38,Yes,nothing,0,60,lots of old rodent damage,5441-38,,,none,dead,
4/23/2025,April,2025,Staked,GP1,discolor,545,2-49,Yes,nothing,0,57,old rodent damage,5452-49,,,none,dead,
4/23/2025,April,2025,Staked,GP1,purpurea,546,1-9,Yes,nothing,0,95,old rodent damage,5461-9,,,,looks dead but still alive,
4/23/2025,April,2025,Staked,GP1,purpurea,547,1-25,Yes,nothing,0,97,rodent and deer,5471-25,,,,looks dead but still alive,
4/23/2025,April,2025,Staked,GP1,purpurea,548,2-32,Yes,nothing,0,100,old rodent damage,5482-32,,,,dead,
4/23/2025,April,2025,Staked,GP1,purpurea,549,1-37,Yes,leaves,0,85,none,5491-37,,,,dead,
4/23/2025,April,2025,Staked,GP1,purpurea,550,2-52,Yes,leaves,0,110,old rodent damage,5502-52,,,,,
4/23/2025,April,2025,Staked,GP1,lucida,551,2-19,Yes,nothing,0,76,old rodent damage,5512-19,,,,dead,
4/23/2025,April,2025,Staked,GP1,lucida,552,3-34,Yes,leaves,0,63,none,5523-34,,,,,
4/23/2025,April,2025,Staked,GP1,lucida,662,1-41,Yes,nothing,0,100,lots of old rodent damage,6621-41,,,spider  ,likely dead,
4/23/2025,April,2025,Staked,GP1,lucida,554,2-46,Yes,nothing,0,95,old rodent damage,5542-46,,,,likely dead,
4/23/2025,April,2025,Staked,GP1,lucida,555,1-53,Yes,nothing,0,74,old rodent damage,5551-53,,,,,
4/23/2025,April,2025,Staked,GP1,sericea,556,3-18,Yes,leaves,0,74,none,5563-18,,,,,
4/23/2025,April,2025,Staked,GP1,sericea,557,2-32,Yes,leaves,1,89,old rodent damage,5572-32,,,,diseased?,
4/23/2025,April,2025,Staked,GP1,sericea,558,3-43,Yes,leaves,1,106,none,5583-43,,,,,
4/23/2025,April,2025,Staked,GP1,sericea,559,2-50,Yes,nothing,0,45,old rodent damage,5592-50,,,,dead,
4/23/2025,April,2025,Staked,GP1,sericea,560,3-54,Yes,nothing,0,112,none,5603-54,,,,,
4/23/2025,April,2025,Rooted,GP1,discolor,629,1-4,Yes,"leaves, didnt flower",1,79,,6291-4,,,,Yes,
4/23/2025,April,2025,Rooted,GP1,discolor,628,1-9,Yes,"leaves, didnt flower",3,96,,6281-9,,,,Yes,
4/23/2025,April,2025,Rooted,GP1,discolor,627,2-20,Yes,"leaves, did flower",1,63,,6272-20,,,,Yes,
4/23/2025,April,2025,Rooted,GP1,discolor,626,1-28,Yes,"leaves, didnt flower",2,58,deer chewed stems,6261-28,,,,Yes,
4/23/2025,April,2025,Rooted,GP1,discolor,625,2-34,Yes,"leaves, didnt flower",2,117,,6252-34,,,,Yes,
4/23/2025,April,2025,Rooted,GP1,purpurea,624,1-7,Yes,nothing,0,59,,6241-7,,,,Yes,
4/23/2025,April,2025,Rooted,GP1,purpurea,623,2-16,Yes,"leaves, didnt flower",1,84,,6232-16,,,,Yes,
4/23/2025,April,2025,Rooted,GP1,purpurea,622,1-26,Yes,flower + leaves,3,104,,6221-26,,,,Yes,
4/23/2025,April,2025,Rooted,GP1,purpurea,641,2-39,Yes,flower + leaves,3,103,old rodent damage,6412-39,,,,Yes,
4/23/2025,April,2025,Rooted,GP1,purpurea,640,1-46,Yes,leaves,0,61,deer chewed stems,6401-46,,,,Yes,
4/23/2025,April,2025,Rooted,GP1,lucida,639,2-3,Yes,"leaves, didnt flower",3,90,,6392-3,,,,Yes,
4/23/2025,April,2025,Rooted,GP1,lucida,638,1-12,Yes,flower + leaves,4,97,old rodent damage,6381-12,,,spider web,Yes,
4/23/2025,April,2025,Rooted,GP1,lucida,637,2-23,Yes,flower + leaves,2,100,,6372-23,,,,Yes,
4/23/2025,April,2025,Rooted,GP1,lucida,636,1-33,Yes,"leaves, didnt flower",0,78,,6361-33,,,,Yes,
4/23/2025,April,2025,Rooted,GP1,lucida,635,2-39,Yes,"leaves, didnt flower",1,74,,6352-39,,,,Yes,
4/23/2025,April,2025,Rooted,GP1,sericea,634,1-6,Yes,"leaves, didnt flower",0,33,,6341-6,,,,Yes,
4/23/2025,April,2025,Rooted,GP1,sericea,633,2-16,Yes,"leaves, didnt flower",1,83,diseased?,6332-16,,,,Yes,
4/23/2025,April,2025,Rooted,GP1,sericea,632,1-22,Yes,"leaves, didnt flower",1,67,,6321-22,,,,Yes,
4/23/2025,April,2025,Rooted,GP1,sericea,631,1-28,Yes,"leaves, didnt flower",1,55,deer chewed stems,6311-28,,,,Yes,
4/23/2025,April,2025,Rooted,GP1,sericea,630,2-33,Yes,flower + leaves,1,70,,6302-33,,,,Yes,
4/23/2025,April,2025,Rooted,GP2,sericea,642,1-3,Yes,leaves,0,66,old rodent damage,6421-3,,,,,
4/23/2025,April,2025,Rooted,GP2,sericea,643,3-11,Yes,leaves,2,82,,6433-11,,,spider web,,
4/23/2025,April,2025,Rooted,GP2,sericea,644,2-18,Yes,leaves,2,93,,6442-18,,,,,
4/23/2025,April,2025,Rooted,GP2,sericea,645,2-31,Yes,leaves,2,90,,6452-31,,,,,
4/23/2025,April,2025,Rooted,GP2,sericea,646,3-36,Yes,leaves,1,25,,6463-36,,,,,
4/23/2025,April,2025,Rooted,GP2,lucida,647,3-3,Yes,leaves,0,93,,6473-3,,,,,
4/23/2025,April,2025,Rooted,GP2,lucida,648,2-8,Yes,leaves,1,63,chewed stems ,6482-8,,,,,
4/23/2025,April,2025,Rooted,GP2,lucida,649,1-15,Yes,leaves,4,98,minor rodent damage,6491-15,,,,,
4/23/2025,April,2025,Rooted,GP2,lucida,650,2-30,Yes,leaves,3,80,,6502-30,,,,,
4/23/2025,April,2025,Rooted,GP2,lucida,651,1-35,Yes,leaves,1,62,old rodent damage,6511-35,,,,,
4/23/2025,April,2025,Rooted,GP2,purpurea,652,2-2,Yes,leaves,3,75,old rodent damage,6522-2,,,,,
4/23/2025,April,2025,Rooted,GP2,purpurea,653,3-15,Yes,leaves,0,50,,6533-15,,,,,
4/23/2025,April,2025,Rooted,GP2,purpurea,654,1-21,Yes,leaves,1,85,,6541-21,,,,submerged,
4/23/2025,April,2025,Rooted,GP2,purpurea,655,2-39,Yes,leaves,3,95,,6552-39,,,,,
4/23/2025,April,2025,Rooted,GP2,purpurea,656,2-45,Yes,leaves,0,59,,6562-45,,,,submerged,
4/23/2025,April,2025,Rooted,GP2,discolor,657,1-6,Yes,flowers,2,79,,6571-6,,,,,
4/23/2025,April,2025,Rooted,GP2,discolor,658,2-10,Yes,flowers,2,64,old rodent damage,6582-10,,,,,
4/23/2025,April,2025,Rooted,GP2,discolor,659,3-17,Yes,flowers,3,76,,6593-17,,,,,
4/23/2025,April,2025,Rooted,GP2,discolor,660,2-29,Yes,leaves,1,29,deer damage,6602-29,,,,,
4/23/2025,April,2025,Rooted,GP2,discolor,661,3-38,Yes,dormant buds,1,65,,6613-38,,,,,
4/23/2025,April,2025,Staked,GP2,sericea,561,2-8,Yes,nothing,0,81,lots of old rodent damage,5612-8,likely dead,,,,
4/23/2025,April,2025,Staked,GP2,sericea,562,1-12,Yes,nothing,0,75,lots of old rodent damage,5621-12,likely dead,,,,
4/23/2025,April,2025,Staked,GP2,sericea,563,2-29,Yes,flowers,2,110,,5632-29,,,,,
4/23/2025,April,2025,Staked,GP2,sericea,564,1-39,Yes,flowers,6,120,,5641-39,praying mantis egg case,,,,
4/23/2025,April,2025,Staked,GP2,sericea,565,3-43,Yes,scaleless buds,1,84,old rodent damage,5653-43,still alive but looks dead,,,,
4/23/2025,April,2025,Staked,GP2,lucida,566,2-6,Yes,leaves,1,75,,5662-6,,,,,
4/23/2025,April,2025,Staked,GP2,lucida,567,3-16,Yes,scaleless buds,2,117,old rodent damage,5673-16,dead spider,,,,
4/23/2025,April,2025,Staked,GP2,lucida,568,3-27,Yes,flowers,2,116,,5683-27,spider on tube,,,,
4/23/2025,April,2025,Staked,GP2,lucida,569,2-30,Yes,nothing,0,66,old rodent damage,5692-30,likely dead,,,,
4/23/2025,April,2025,Staked,GP2,lucida,570,3-49,Yes,leaves,0,69,,5703-49,,,,,
4/23/2025,April,2025,Staked,GP2,purpurea,571,1-11,Yes,nothing,0,100,old rodent damage,5711-11,still alive but looks dead,,,,
4/23/2025,April,2025,Staked,GP2,purpurea,572,3-15,Yes,flowers,2,150,,5723-15,,,,,
4/23/2025,April,2025,Staked,GP2,purpurea,573,2-22,Yes,scaled buds,2,168,old rodent damage,5732-22,,,,,
4/23/2025,April,2025,Staked,GP2,purpurea,574,2-55,Yes,flowers,2,124,old rodent damage,5742-55,spider web,,,,
4/23/2025,April,2025,Staked,GP2,purpurea,575,3-55,Yes,flowers,2,150,,5753-55,,,,,
4/23/2025,April,2025,Staked,GP2,discolor,576,1-10,Yes,nothing,0,55,old rodent damage,5761-10,likely dead,,,,
4/23/2025,April,2025,Staked,GP2,discolor,577,3-14,Yes,flowers,2,110,old rodent damage,5773-14,,,,,
4/23/2025,April,2025,Staked,GP2,discolor,578,2-27,Yes,nothing,0,93,old rodent damage,5782-27,still alive but looks dead,,,,
4/23/2025,April,2025,Staked,GP2,discolor,579,2-47,Yes,nothing,0,74,lots of old rodent damage,5792-47,still alive but looks dead,,,,
4/23/2025,April,2025,Staked,GP2,discolor,580,2-55,Yes,flowers,1,67,,5802-55,,,,,
7/8/2025,July,2025,Staked,GP2,sericea,561,2-8,Yes,leaves,0,73,already dead,5612-8,,,,,
7/8/2025,July,2025,Staked,GP2,sericea,562,1-12,Yes,leaves,1,100,no damage,5621-12,,,,,
7/8/2025,July,2025,Staked,GP2,sericea,563,2-29,Yes,leaves,3,175,no damage,5632-29,,,,,
7/8/2025,July,2025,Staked,GP2,sericea,564,1-39,Yes,leaves,5,134,"cows, but not much",5641-39,,,,,
7/8/2025,July,2025,Staked,GP2,sericea,565,3-43,Yes,leaves,1,122,no damage,5653-43,,,,,
7/8/2025,July,2025,Staked,GP2,lucida,566,2-6,Yes,leaves,1,88,cows,5662-6,,,,,
7/8/2025,July,2025,Staked,GP2,lucida,567,3-16,Yes,leaves,1,112,no damage,5673-16,,,,,
7/8/2025,July,2025,Staked,GP2,lucida,568,3-27,Yes,leaves,2,124,no damage,5683-27,,,,,
7/8/2025,July,2025,Staked,GP2,lucida,569,2-30,Yes,leaves,1,92,cows,5692-30,,,,,
7/8/2025,July,2025,Staked,GP2,lucida,570,3-49,Yes,leaves,1,85,cows,5703-49,,,,,
7/8/2025,July,2025,Staked,GP2,purpurea,571,1-11,Yes,leaves,1,118,no damage,5711-11,,,,,
7/8/2025,July,2025,Staked,GP2,purpurea,572,3-15,Yes,leaves,2,215,no damage,5723-15,,,,,
7/8/2025,July,2025,Staked,GP2,purpurea,573,2-22,Yes,leaves,1,127,no damage,5732-22,,,,,
7/8/2025,July,2025,Staked,GP2,purpurea,574,2-55,Yes,leaves,2,185,no damage,5742-55,,,,,
7/8/2025,July,2025,Staked,GP2,purpurea,575,3-55,Yes,leaves,3,174,no damage,5753-55,,,,,
7/8/2025,July,2025,Staked,GP2,discolor,576,1-10,Yes,leaves,1,58,already dead,5761-10,,,,,
7/8/2025,July,2025,Staked,GP2,discolor,577,3-14,Yes,leaves,2,110,"cows, but not much",5773-14,,,,,
7/8/2025,July,2025,Staked,GP2,discolor,578,2-27,Yes,leaves,1,85,already dead,5782-27,,,,,
7/8/2025,July,2025,Staked,GP2,discolor,579,2-47,Yes,leaves,1,122,no damage,5792-47,,,,,
7/8/2025,July,2025,Staked,GP2,discolor,580,2-55,Yes,leaves,1,116,no damage,5802-55,,,,,
7/8/2025,July,2025,Rooted,GP2,sericea,642,1-3,Yes,leaves,1,57,cows,6421-3,,,post cows,,
7/8/2025,July,2025,Rooted,GP2,sericea,643,3-11,Yes,leaves,2,88,cows,6433-11,,,post cows,,
7/8/2025,July,2025,Rooted,GP2,sericea,644,2-18,Yes,leaves,1,70,cows,6442-18,,,post cows,,
7/8/2025,July,2025,Rooted,GP2,sericea,645,2-31,Yes,leaves,1,80,,6452-31,,,post cows,,
7/8/2025,July,2025,Rooted,GP2,sericea,646,3-36,Yes,leaves,3,65,cows,6463-36,,,post cows,,
7/8/2025,July,2025,Rooted,GP2,lucida,647,3-3,Yes,leaves,4,50,cows,6473-3,,,post cows,,
7/8/2025,July,2025,Rooted,GP2,lucida,648,2-8,Yes,leaves,3,68,cows,6482-8,,,post cows,,
7/8/2025,July,2025,Rooted,GP2,lucida,649,1-15,Yes,leaves,4,81,cows,6491-15,,,post cows,,
7/8/2025,July,2025,Rooted,GP2,lucida,650,2-30,Yes,leaves,0,73,already dead,6502-30,,,post cows,,
7/8/2025,July,2025,Rooted,GP2,lucida,651,1-35,Yes,leaves,2,75,cows,6511-35,,,post cows,,
7/8/2025,July,2025,Rooted,GP2,purpurea,652,2-2,Yes,leaves,3,160,no damage,6522-2,,,post cows,,
7/8/2025,July,2025,Rooted,GP2,purpurea,653,3-15,Yes,leaves,3,125,no damage,6533-15,,,post cows,,
7/8/2025,July,2025,Rooted,GP2,purpurea,654,1-21,Yes,leaves,4,153,no damage,6541-21,,,post cows,,
7/8/2025,July,2025,Rooted,GP2,purpurea,655,2-39,Yes,leaves,3,155,no damage,6552-39,,,post cows,,
7/8/2025,July,2025,Rooted,GP2,purpurea,656,2-45,Yes,leaves,1,96,no damage,6562-45,,,post cows,,
7/8/2025,July,2025,Rooted,GP2,discolor,657,1-6,Yes,leaves,2,78,cows,6571-6,,,post cows,,
7/8/2025,July,2025,Rooted,GP2,discolor,658,2-10,Yes,leaves,1,72,cows,6582-10,,,post cows,,
7/8/2025,July,2025,Rooted,GP2,discolor,659,3-17,Yes,leaves,1,52,cows,6593-17,,,post cows,,
7/8/2025,July,2025,Rooted,GP2,discolor,660,2-29,Yes,leaves,2,153,no damage,6602-29,,,post cows,,
7/8/2025,July,2025,Rooted,GP2,discolor,661,3-38,Yes,leaves,1,130,no damage,6613-38,,,post cows,,
8/26/2025,August,2025,Staked,GP1,discolor,541,2-2,Yes,leaves,2,126,Insect (very little),5412-2,,,,,
8/26/2025,August,2025,Staked,GP1,discolor,542,3-12,Yes,leaves,1,165,Insect (very little),5423-12,,,,,
8/26/2025,August,2025,Staked,GP1,discolor,543,3-22,Yes,leaves,1,110,Insect (very little),5433-22,,,,,
8/26/2025,August,2025,Staked,GP1,discolor,544,1-36,Yes,leaves,1,122,Insect (some),5441-36,,,,,
8/26/2025,August,2025,Staked,GP1,discolor,545,2-43,Yes,leaves,1,83,Insect (very little),5452-43,,,,,
8/26/2025,August,2025,Staked,GP1,purpurea,546,1-9,Yes,leaves,3,138,Animal ?,5461-9,,,,,
8/26/2025,August,2025,Staked,GP1,purpurea,547,1-24,No,leaves,3,146,Insect (very little),5471-24,,,,,
8/26/2025,August,2025,Staked,GP1,purpurea,548,2-30,Yes,leaves,4,97,Insect (some),5482-30,,,,,
8/26/2025,August,2025,Staked,GP1,purpurea,549,1-37,Yes,leaves,2,85,None,5491-37,,,,,
8/26/2025,August,2025,Staked,GP1,purpurea,663,2-51,Yes,leaves,4,172,Insect (very little),6632-51,,,,,
8/26/2025,August,2025,Staked,GP1,lucida,551,2-19,Yes,leaves,1,93,Insect (very little),5512-19,,,,,
8/26/2025,August,2025,Staked,GP1,lucida,662,1-20,Yes,leaves,2,120,Insect (very little),6621-20,,,,,
8/26/2025,August,2025,Staked,GP1,lucida,552,3-28,Yes,leaves,1,78,"Insect (some), disease",5523-28,,,,,
8/26/2025,August,2025,Staked,GP1,lucida,554,2-29,Yes,leaves,3,132,Insect (some),5542-29,,,,,
8/26/2025,August,2025,Staked,GP1,lucida,555,1-44,Yes,leaves,4,140,Insect (some),5551-44,,,,,
8/26/2025,August,2025,Staked,GP1,sericea,556,3-11,Yes,leaves,2,96,Insect (some),5563-11,,,,,
8/26/2025,August,2025,Staked,GP1,sericea,557,2-21,Yes,leaves,2,72,Insect (very little),5572-21,,,,,
8/26/2025,August,2025,Staked,GP1,sericea,558,3-35,Yes,leaves,2,125,"Insect (some), animal?",5583-35,,,,,
8/26/2025,August,2025,Staked,GP1,sericea,559,2-38,Yes,leaves,4,158,Insect (some),5592-38,,,,,
8/26/2025,August,2025,Staked,GP1,sericea,560,3-40,Yes,leaves,1,125,Insect (some),5603-40,,,,,
8/25/2025,August,2025,Rooted,GP1,discolor,629,1-3,Yes,leaves,1,93,Insect (some),6291-3,,,,,
8/25/2025,August,2025,Rooted,GP1,discolor,628,1-9,Yes,leaves,2,118,Insect (very little),6281-9,,,,,
8/25/2025,August,2025,Rooted,GP1,discolor,627,2-21,Yes,leaves,1,128,Insect (very little),6272-21,,,,,
8/25/2025,August,2025,Rooted,GP1,discolor,626,1-28,Yes,leaves,4,132,Insect (very little),6261-28,,,,,
8/25/2025,August,2025,Rooted,GP1,discolor,625,2-35,Yes,leaves,3,178,Insect (some),6252-35,,,,,
8/25/2025,August,2025,Rooted,GP1,purpurea,624,1-7,Yes,leaves,2,74,Insect (very little),6241-7,,,,,
8/25/2025,August,2025,Rooted,GP1,purpurea,623,2-16,Yes,leaves,4,127,Insect (very little),6232-16,,,,,
8/25/2025,August,2025,Rooted,GP1,purpurea,622,1-26,Yes,leaves,4,147,None,6221-26,,,,,
8/25/2025,August,2025,Rooted,GP1,purpurea,641,2-39,Yes,leaves,3,169,Insect (very little),6412-39,,,,,
8/25/2025,August,2025,Rooted,GP1,purpurea,640,1-46,Yes,leaves,3,58,Insect (some),6401-46,,,,,
8/25/2025,August,2025,Rooted,GP1,lucida,639,2-3,Yes,leaves,3,113,Insect (some),6392-3,,,,,
8/25/2025,August,2025,Rooted,GP1,lucida,638,1-12,Yes,leaves,4,108,Insect (a lot),6381-12,,,,,
8/25/2025,August,2025,Rooted,GP1,lucida,637,2-23,Yes,leaves,2,112,Insect (some),6372-23,,,,,
8/25/2025,August,2025,Rooted,GP1,lucida,636,1-33,Yes,leaves,1,56,Insect (some),6361-33,,,,,
8/25/2025,August,2025,Rooted,GP1,lucida,635,2-39,Yes,leaves,2,86,Insect (a lot),6352-39,,,,,
8/25/2025,August,2025,Rooted,GP1,sericea,634,1-6,Yes,leaves,1,54,"Insect (some), animal",6341-6,,,,,
8/25/2025,August,2025,Rooted,GP1,sericea,633,1-23,Yes,leaves,1,72,Insect (some),6331-23,,,,,
8/25/2025,August,2025,Rooted,GP1,sericea,632,2-16,Yes,leaves,3,96,Insect (some),6322-16,,,,,
8/25/2025,August,2025,Rooted,GP1,sericea,631,1-28,Yes,leaves,3,70,Insect (some),6311-28,,,,,
8/25/2025,August,2025,Rooted,GP1,sericea,630,2-33,Yes,leaves,3,95,Insect (a lot),6302-33,,,,,
8/22/2025,August,2025,Staked,GP2,sericea,561,2-8,Yes,leaves,1,92,,5612-8,,,,,
8/22/2025,August,2025,Staked,GP2,sericea,562,1-12,Yes,leaves,1,138,,5621-12,,,,,
8/22/2025,August,2025,Staked,GP2,sericea,563,2-29,Yes,leaves,4,215,,5632-29,,,,,
8/22/2025,August,2025,Staked,GP2,sericea,564,1-36,Yes,leaves,4,156,,5641-36,,,,,
8/22/2025,August,2025,Staked,GP2,sericea,565,3-40,Yes,leaves,3,120,,5653-40,,,,,
8/22/2025,August,2025,Staked,GP2,lucida,566,2-5,Yes,leaves,2,100,,5662-5,,,,,
8/22/2025,August,2025,Staked,GP2,lucida,567,3-16,Yes,leaves,2,138,,5673-16,,,,,
8/22/2025,August,2025,Staked,GP2,lucida,568,3-27,Yes,leaves,2,119,,5683-27,,,,,
8/22/2025,August,2025,Staked,GP2,lucida,569,2-23,Yes,leaves,3,108,,5692-23,,,,,
8/22/2025,August,2025,Staked,GP2,lucida,570,3-49,Yes,leaves,1,99,,5703-49,,,,,
8/22/2025,August,2025,Staked,GP2,purpurea,571,1-9,Yes,leaves,1,110,,5711-9,,,,,
8/22/2025,August,2025,Staked,GP2,purpurea,572,3-15,Yes,leaves,2,250,,5723-15,,,,,
8/22/2025,August,2025,Staked,GP2,purpurea,573,2-21,Yes,leaves,2,200,,5732-21,,,,,
8/22/2025,August,2025,Staked,GP2,purpurea,574,2-54,Yes,leaves,5,250,,5742-54,,,,,
8/22/2025,August,2025,Staked,GP2,purpurea,575,3-55,Yes,leaves,9,200,,5753-55,,,,,
8/22/2025,August,2025,Staked,GP2,discolor,576,1-8,No,leaves,3,130,,5761-8,,,,,
8/22/2025,August,2025,Staked,GP2,discolor,577,3-14,Yes,leaves,3,135,,5773-14,,,,,
8/22/2025,August,2025,Staked,GP2,discolor,578,2-19,Yes,leaves,1,106,,5782-19,,,,,
8/22/2025,August,2025,Staked,GP2,discolor,579,2-39,Yes,leaves,1,138,,5792-39,,,,,
8/22/2025,August,2025,Staked,GP2,discolor,580,2-38,Yes,leaves,1,112,,5802-38,,,,,
8/22/2025,August,2025,Rooted,GP2,sericea,642,1-3,Yes,leaves,1,75,insect,6421-3,,,,,
8/22/2025,August,2025,Rooted,GP2,sericea,643,3-11,Yes,leaves,2,89,insect/cow,6433-11,,,,,
8/22/2025,August,2025,Rooted,GP2,sericea,644,2-18,Yes,leaves,1,77,insect/cow,6442-18,,,,,
8/22/2025,August,2025,Rooted,GP2,sericea,645,2-31,Yes,leaves,2,75,insect/cow,6452-31,,,,,
8/22/2025,August,2025,Rooted,GP2,sericea,646,3-36,Yes,leaves,3,70,insect/cow,6463-36,,,,,
8/22/2025,August,2025,Rooted,GP2,lucida,647,3-3,Yes,leaves,5,63,insect/cow,6473-3,,,,,
8/22/2025,August,2025,Rooted,GP2,lucida,648,2-8,Yes,leaves,3,71,insect/cow,6482-8,,,,,
8/22/2025,August,2025,Rooted,GP2,lucida,649,1-15,Yes,leaves,4,92,insect/cow,6491-15,,,,,
8/22/2025,August,2025,Rooted,GP2,lucida,650,2-31,Yes,leaves,3,109,insect/cow,6502-31,,,,,
8/22/2025,August,2025,Rooted,GP2,lucida,651,1-35,Yes,leaves,2,80,insect/cow,6511-35,,,,,
8/22/2025,August,2025,Rooted,GP2,purpurea,652,2-2,Yes,leaves,5,175,insect (very little),6522-2,,,,,
8/22/2025,August,2025,Rooted,GP2,purpurea,653,3-15,Yes,leaves,3,127,insect/animal,6533-15,,,,,
8/22/2025,August,2025,Rooted,GP2,purpurea,654,1-21,Yes,leaves,3,80,WW,6541-21,,,,,
8/22/2025,August,2025,Rooted,GP2,purpurea,655,2-39,Yes,leaves,3,150,insect (very little),6552-39,,,,,
8/22/2025,August,2025,Rooted,GP2,purpurea,656,2-45,Yes,leaves,1,105,"insect (very little), WW",6562-45,,,,,
8/22/2025,August,2025,Rooted,GP2,discolor,657,1-6,Yes,leaves,2,117,insect,6571-6,,,,,
8/22/2025,August,2025,Rooted,GP2,discolor,658,2-10,Yes,leaves,2,105,insect (very little),6582-10,,,,,
8/22/2025,August,2025,Rooted,GP2,discolor,659,3-17,Yes,leaves,2,62,insect (very little),6593-17,,,,,
8/22/2025,August,2025,Rooted,GP2,discolor,660,2-29,Yes,leaves,2,166,insect,6602-29,,,,,
8/22/2025,August,2025,Rooted,GP2,discolor,661,3-38,Yes,leaves,3,145,insect,6613-38,,,,,
8/27/2025,August,2025,Staked,Barberry,purpurea,521,2-3,Yes,leaves,2,130,None,5212-3,,,,,
8/27/2025,August,2025,Staked,Barberry,purpurea,498,1-13,Yes,leaves,5,194,Insect or animal,4981-13,,,,,
8/27/2025,August,2025,Staked,Barberry,purpurea,523,2-18,Yes,leaves,6,192,Insect (very little),5232-18,,,,,
8/27/2025,August,2025,Staked,Barberry,purpurea,524,2-47,Yes,leaves,3,186,Insect (very little),5242-47,,,,,
8/27/2025,August,2025,Staked,Barberry,purpurea,525,3-55,Yes,leaves,8,255,Insect (very little),5253-55,,,,,
8/27/2025,August,2025,Staked,Barberry,sericea,526,2-7,Yes,leaves,1,141,Insect (a lot),5262-7,,,,,
8/27/2025,August,2025,Staked,Barberry,sericea,527,3-8,Yes,leaves,3,120,Insect (a lot),5273-8,,,,,
8/27/2025,August,2025,Staked,Barberry,sericea,528,1-16,Yes,leaves,5,156,Insect (some),5281-16,,,,,
8/27/2025,August,2025,Staked,Barberry,sericea,529,1-23,Yes,leaves,1,183,Insect (very little),5291-23,,,,,
8/27/2025,August,2025,Staked,Barberry,sericea,530,3-48,Yes,leaves,6,185,Insect (some),5303-48,,,,,
8/27/2025,August,2025,Staked,Barberry,lucida,531,1-12,Yes,leaves,2,129,Insect (very little),5311-12,,,,,
8/27/2025,August,2025,Staked,Barberry,lucida,532,3-17,Yes,leaves,6,114,Insect (very little),5323-17,,,,,
8/27/2025,August,2025,Staked,Barberry,lucida,533,2-34,Yes,leaves,2,134,Insect (a lot),5332-34,,,,,
8/27/2025,August,2025,Staked,Barberry,lucida,491,3-47,Yes,leaves,6,102,Insect (very little),4913-47,,,,,
8/27/2025,August,2025,Staked,Barberry,lucida,535,2-58,Yes,leaves,3,131,Insect (some),5352-58,,,,,
8/27/2025,August,2025,Staked,Barberry,discolor,536,2-1,Yes,leaves,1,119,Insect (little),5362-1,,,,,
8/27/2025,August,2025,Staked,Barberry,discolor,537,3-20,Yes,leaves,1,120,Insect (some),5373-20,,,,,
8/27/2025,August,2025,Staked,Barberry,discolor,538,3-27,Yes,leaves,2,134,Insect (very little),5383-27,,,,,
8/27/2025,August,2025,Staked,Barberry,discolor,539,3-47,Yes,leaves,1,59,?,5393-47,,,,,
8/27/2025,August,2025,Staked,Barberry,discolor,540,3-61,Yes,leaves,1,167,Insect (very little),5403-61,,,,,
8/27/2025,August,2025,Rooted,Barberry,purpurea,602,2-4,N/A,leaves,1,198,Insect (very little),6022-4,,,,,
8/27/2025,August,2025,Rooted,Barberry,purpurea,603,3-5,N/A,leaves,4,145,none,6033-5,,,,,
8/27/2025,August,2025,Rooted,Barberry,purpurea,605,2-17,N/A,leaves,2,153,Insect (very little),6052-17,,,,,
8/27/2025,August,2025,Rooted,Barberry,sericea,607,1-1,N/A,leaves,2,191,insect (some),6071-1,,,,,
8/27/2025,August,2025,Rooted,Barberry,sericea,608,2-8,N/A,leaves,3,157,insect (some),6082-8,,,,,
8/27/2025,August,2025,Rooted,Barberry,sericea,609,3-11,N/A,leaves,2,185,insect (some),6093-11,,,,,
8/27/2025,August,2025,Rooted,Barberry,sericea,611,3-26,N/A,leaves,4,176,insect (some),6113-26,,,,,
8/27/2025,August,2025,Rooted,Barberry,lucida,612,3-3,N/A,leaves,5,162,Insect (little) - animal?,6123-3,,,,,
8/27/2025,August,2025,Rooted,Barberry,lucida,613,2-6,N/A,leaves,2,137,insect (some),6132-6,,,,,
8/27/2025,August,2025,Rooted,Barberry,lucida,614,3-10,N/A,leaves,7,144,insect (some),6143-10,,,,,
8/27/2025,August,2025,Rooted,Barberry,lucida,615,2-18,N/A,leaves,2,139,insect (some),6152-18,,,,,
8/27/2025,August,2025,Rooted,Barberry,discolor,617,1-3,N/A,leaves,1,159,insect (a lot),6171-3,,,,,
8/27/2025,August,2025,Rooted,Barberry,discolor,618,2-6,N/A,leaves,1,265,Insect (little),6182-6,,,,,
8/27/2025,August,2025,Rooted,Barberry,discolor,619,2-9,N/A,leaves,3,186,insect (some),6192-9,,,,,
8/27/2025,August,2025,Rooted,Barberry,discolor,620,2-15,N/A,leaves,3,230,Insect (very little),6202-15,,,,,
8/27/2025,August,2025,Rooted,Barberry,discolor,621,3-19,N/A,leaves,3,163,insect (some),6213-19,,,,,
8/28/2025,August,2025,Staked,Underhill,lucida,501,3-8,Yes,leaves,3,156,Insect (some),5013-8,,,,,
8/28/2025,August,2025,Staked,Underhill,lucida,502,2-19,Yes,leaves,1,125,Insect (very little),5022-19,,,,,
8/28/2025,August,2025,Staked,Underhill,lucida,503,1-31,Yes,leaves,2,83,missing leaves,5031-31,,,,,
8/28/2025,August,2025,Staked,Underhill,lucida,504,1-41,Yes,leaves,1,88,Insect (some),5041-41,,,,,
8/28/2025,August,2025,Staked,Underhill,lucida,505,1-57,Yes,leaves,2,81,Insect (a little),5051-57,,,,,
8/28/2025,August,2025,Staked,Underhill,discolor,506,3-9,Yes,leaves,2,76,Insect (some),5063-9,,,,,
8/28/2025,August,2025,Staked,Underhill,discolor,507,2-11,Yes,leaves,4,132,Insect (a lot),5072-11,,,,,
8/28/2025,August,2025,Staked,Underhill,discolor,508,1-27,Yes,leaves,1,92,Insect (a little),5081-27,,,,,
8/28/2025,August,2025,Staked,Underhill,discolor,509,3-29,Yes,leaves,1,84,None,5093-29,,,,,
8/28/2025,August,2025,Staked,Underhill,discolor,510,2-36,Yes,leaves,1,54,None,5102-36,,,,,
8/28/2025,August,2025,Staked,Underhill,purpurea,511,2-1,Yes,leaves,1,78,None,5112-1,,,,,
8/28/2025,August,2025,Staked,Underhill,purpurea,512,2-11,Yes,leaves,3,107,Insect (a little),5122-11,,,,,
8/28/2025,August,2025,Staked,Underhill,purpurea,513,1-26,Yes,leaves,2,156,Insect (a little),5131-26,,,,,
8/28/2025,August,2025,Staked,Underhill,purpurea,514,3-32,Yes,leaves,4,162,Insect (a little),5143-32,,,,,
8/28/2025,August,2025,Staked,Underhill,purpurea,515,2-45,Yes,leaves,1,145,Insect (a little),5152-45,,,,,
8/28/2025,August,2025,Staked,Underhill,sericea,516,2-16,No,leaves,4,182,Insect (some),5162-16,,,,,
8/28/2025,August,2025,Staked,Underhill,sericea,667,1-17,Yes,leaves,6,198,Insect (some),6671-17,,,,,
8/28/2025,August,2025,Staked,Underhill,sericea,518,2-31,Yes,leaves,2,162,Insect (some),5182-31,,,,,
8/28/2025,August,2025,Staked,Underhill,sericea,519,1-42,Yes,leaves,1,156,Insect (some),5191-42,,,,,
8/28/2025,August,2025,Staked,Underhill,sericea,520,3-52,Yes,leaves,1,134,Insect (some),5203-52,,,,,
8/28/2025,August,2025,Rooted,Underhill,lucida,581,1-4,Yes,leaves,1,66,Insect (very little),5811-4,,,,,
8/28/2025,August,2025,Rooted,Underhill,lucida,582,2-6,Yes,leaves,5,87,Insect (very little),5822-6,,,,,
8/28/2025,August,2025,Rooted,Underhill,lucida,583,3-12,Yes,leaves,4,74,Insect (very little),5833-12,,,,,
8/28/2025,August,2025,Rooted,Underhill,lucida,584,1-16,Yes,leaves,1,28,Weed whacker,5841-16,,,,,
8/28/2025,August,2025,Rooted,Underhill,lucida,585,2-25,Yes,leaves,2,122,Insect (very little),5852-25,,,,,
8/28/2025,August,2025,Rooted,Underhill,discolor,586,3-4,Yes,leaves,4,100,Insect (a lot),5863-4,,,,,
8/28/2025,August,2025,Rooted,Underhill,discolor,587,1-8,Yes,leaves,3,94,Insect (some),5871-8,,,,,
8/28/2025,August,2025,Rooted,Underhill,discolor,588,2-10,Yes,leaves,3,146,"Insect (a little), WW",5882-10,,,,,
8/28/2025,August,2025,Rooted,Underhill,discolor,589,2-19,Yes,leaves,3,122,Insect (a little),5892-19,,,,,
8/28/2025,August,2025,Rooted,Underhill,discolor,590,3-24,Yes,leaves,5,184,"Insect (some), WW",5903-24,,,,,
8/28/2025,August,2025,Rooted,Underhill,purpurea,591,1-3,Yes,leaves,8,180,Insect (a little),5911-3,,,,,
8/28/2025,August,2025,Rooted,Underhill,purpurea,592,2-6,Yes,leaves,5,157,Insect (a little),5922-6,,,,,
8/28/2025,August,2025,Rooted,Underhill,purpurea,593,1-9,Yes,leaves,6,181,Insect (very little),5931-9,,,,,
8/28/2025,August,2025,Rooted,Underhill,purpurea,594,3-15,Yes,leaves,6,187,Insect (very little),5943-15,,,,,
8/28/2025,August,2025,Rooted,Underhill,purpurea,595,2-25,Yes,leaves,5,195,Insect (a little),5952-25,,,,,
8/28/2025,August,2025,Rooted,Underhill,sericea,596,1-3,Yes,leaves,2,180,Insect (some),5961-3,,,,,
8/28/2025,August,2025,Rooted,Underhill,sericea,597,2-7,Yes,leaves,4,165,Insect (some),5972-7,,,,,
8/28/2025,August,2025,Rooted,Underhill,sericea,598,3-14,Yes,leaves,4,160,Insect (some),5983-14,,,,,
8/28/2025,August,2025,Rooted,Underhill,sericea,599,2-18,Yes,leaves,4,116,Insect (some),5992-18,,,,,
8/28/2025,August,2025,Rooted,Underhill,sericea,600,3-30,Yes,leaves,2,130,Insect (a lot),6003-30,,,,,
10/10/2025,October,2025,Staked,GP1,discolor,541,2-2,Yes,leaves,2,129,Insect (a little),5412-2,,,,,
10/10/2025,October,2025,Staked,GP1,discolor,542,3-12,Yes,leaves,1,170,Insect (a little),5423-12,,,,,
10/10/2025,October,2025,Staked,GP1,discolor,543,3-22,Yes,leaves,1,115,Insect (a little),5433-22,,,,,
10/10/2025,October,2025,Staked,GP1,discolor,544,1-36,Yes,leaves,1,120,Insect (a little),5441-36,,,,,
10/10/2025,October,2025,Staked,GP1,discolor,545,2-43,Yes,leaves,1,85,Insect (a little)/disease,5452-43,,,,,
10/10/2025,October,2025,Staked,GP1,purpurea,546,1-9,Yes,leaves,3,140,unknown,5461-9,,,,,
10/10/2025,October,2025,Staked,GP1,purpurea,547,1-24,No,leaves,3,142,disease,5471-24,,,,,
10/10/2025,October,2025,Staked,GP1,purpurea,548,2-30,Yes,leaves,4,100,disease,5482-30,,,,,
10/10/2025,October,2025,Staked,GP1,purpurea,549,1-37,Yes,leaves,2,83,disease,5491-37,,,,,
10/10/2025,October,2025,Staked,GP1,purpurea,663,2-51,Yes,leaves,5,173,unknown/disease,6632-51,,,,,
10/10/2025,October,2025,Staked,GP1,lucida,551,2-19,Yes,leaves,1,91,disease,5512-19,,,,,
10/10/2025,October,2025,Staked,GP1,lucida,662,1-20,Yes,leaves,2,117,Insect (a little),6621-20,,,,,
10/10/2025,October,2025,Staked,GP1,lucida,552,3-22,Yes,leaves,1,79,disease,5523-22,,,,,
10/10/2025,October,2025,Staked,GP1,lucida,554,2-29,Yes,leaves,3,132,Insect (a little)/disease,5542-29,,,,,
10/10/2025,October,2025,Staked,GP1,lucida,555,1-44,Yes,leaves,5,136,disease,5551-44,,,,,
10/10/2025,October,2025,Staked,GP1,sericea,556,3-11,Yes,leaves,2,103,Insect (some),5563-11,,,,,
10/10/2025,October,2025,Staked,GP1,sericea,557,2-21,Yes,leaves,2,73,Insect (very little),5572-21,,,,,
10/10/2025,October,2025,Staked,GP1,sericea,558,3-35,Yes,leaves,2,140,Insect (a little)/disease,5583-35,,,,,
10/10/2025,October,2025,Staked,GP1,sericea,559,2-38,Yes,leaves,4,164,Insect (a lot),5592-38,,,,,
10/10/2025,October,2025,Staked,GP1,sericea,560,3-40,Yes,leaves,2,124,disease,5603-40,,,,,
10/10/2025,October,2025,Rooted,GP1,discolor,629,1-3,Yes,leaves,1,88,Insect (a lot),6291-3,,,,,
10/10/2025,October,2025,Rooted,GP1,discolor,628,1-9,Yes,leaves,1,118,Insect (very little),6281-9,,,,,
10/10/2025,October,2025,Rooted,GP1,discolor,627,2-21,Yes,leaves,3,125,Insect (very little),6272-21,,,,,
10/10/2025,October,2025,Rooted,GP1,discolor,626,1-28,Yes,leaves,10,133,Insect (a lot)/disease,6261-28,,,,,
10/10/2025,October,2025,Rooted,GP1,discolor,625,2-35,Yes,leaves,5,172,Insect (a lot)/disease,6252-35,,,,,
10/10/2025,October,2025,Rooted,GP1,purpurea,624,1-7,Yes,leaves,2,83,unknown,6241-7,,,,,
10/10/2025,October,2025,Rooted,GP1,purpurea,623,2-16,Yes,leaves,4,135,disease,6232-16,,,,,
10/10/2025,October,2025,Rooted,GP1,purpurea,622,1-26,Yes,leaves,4,147,disease,6221-26,,,,,
10/10/2025,October,2025,Rooted,GP1,purpurea,641,2-39,Yes,leaves,3,108,disease,6412-39,,,,,
10/10/2025,October,2025,Rooted,GP1,purpurea,640,1-46,Yes,leaves,3,58,unknown,6401-46,,,,,
10/10/2025,October,2025,Rooted,GP1,lucida,639,2-3,Yes,leaves,3,106,disease,6392-3,,,,,
10/10/2025,October,2025,Rooted,GP1,lucida,638,1-12,Yes,leaves,4,107,disease,6381-12,,,,,
10/10/2025,October,2025,Rooted,GP1,lucida,637,2-23,Yes,leaves,2,109,disease,6372-23,,,,,
10/10/2025,October,2025,Rooted,GP1,lucida,636,1-33,Yes,leaves,1,60,disease,6361-33,,,,,
10/10/2025,October,2025,Rooted,GP1,lucida,635,2-39,Yes,leaves,2,90,disease,6352-39,,,,,
10/10/2025,October,2025,Rooted,GP1,sericea,634,1-6,Yes,leaves,1,55,Insect (a lot),6341-6,,,,,
10/10/2025,October,2025,Rooted,GP1,sericea,633,1-23,Yes,leaves,1,62,Insect (a lot),6331-23,,,,,
10/10/2025,October,2025,Rooted,GP1,sericea,632,2-16,Yes,leaves,2,95,Insect (a lot),6322-16,,,,,
10/10/2025,October,2025,Rooted,GP1,sericea,631,1-28,Yes,leaves,3,65,Insect (a lot),6311-28,,,,,
10/10/2025,October,2025,Rooted,GP1,sericea,630,2-33,Yes,leaves,3,105,Insect (a lot)/disease,6302-33,,,,,
10/14/2025,October,2025,Staked,GP2,sericea,561,2-8,Yes,leaves,1,101,disease,5612-8,,,,,
10/14/2025,October,2025,Staked,GP2,sericea,562,1-12,Yes,leaves,1,136,disease,5621-12,,,,,
10/14/2025,October,2025,Staked,GP2,sericea,563,2-29,Yes,leaves,5,220,insect,5632-29,,,,,
10/14/2025,October,2025,Staked,GP2,sericea,564,1-36,Yes,leaves,5,167,insect,5641-36,,,,,
10/14/2025,October,2025,Staked,GP2,sericea,565,3-40,Yes,leaves,3,181,insect,5653-40,,,,,
10/14/2025,October,2025,Staked,GP2,lucida,566,2-5,Yes,leaves,2,96,disease,5662-5,,,,,
10/14/2025,October,2025,Staked,GP2,lucida,567,3-16,Yes,leaves,1,136,disease,5673-16,,,,,
10/14/2025,October,2025,Staked,GP2,lucida,568,3-27,Yes,leaves,2,115,disease,5683-27,,,,,
10/14/2025,October,2025,Staked,GP2,lucida,569,2-23,Yes,leaves,2,108,disease,5692-23,,,,,
10/14/2025,October,2025,Staked,GP2,lucida,570,3-49,Yes,leaves,1,96,insect/disease,5703-49,,,,,
10/14/2025,October,2025,Staked,GP2,purpurea,571,1-9,Yes,leaves,1,115,can't assess,5711-9,,,,,
10/14/2025,October,2025,Staked,GP2,purpurea,572,3-15,Yes,leaves,8,250,can't assess,5723-15,,,,,
10/14/2025,October,2025,Staked,GP2,purpurea,573,2-21,Yes,leaves,1,200,can't assess,5732-21,,,,,
10/14/2025,October,2025,Staked,GP2,purpurea,574,2-54,Yes,leaves,3,250,insect/disease,5742-54,,,,,
10/14/2025,October,2025,Staked,GP2,purpurea,575,3-55,Yes,leaves,6,221,insect/disease,5753-55,,,,,
10/14/2025,October,2025,Staked,GP2,discolor,576,1-8,No,leaves,4,134,insect/disease,5761-8,,,,,
10/14/2025,October,2025,Staked,GP2,discolor,577,3-14,Yes,leaves,4,118,insect/disease,5773-14,,,,,
10/14/2025,October,2025,Staked,GP2,discolor,578,2-19,Yes,leaves,2,110,insect,5782-19,,,,,
10/14/2025,October,2025,Staked,GP2,discolor,579,2-39,Yes,leaves,1,124,insect/disease,5792-39,,,,,
10/14/2025,October,2025,Staked,GP2,discolor,580,2-38,Yes,leaves,2,109,insect,5802-38,,,,,
10/10/2025,October,2025,Rooted,GP2,sericea,642,1-3,Yes,leaves,2,80,insect (a lot),6421-3,,,,,
10/10/2025,October,2025,Rooted,GP2,sericea,643,3-11,Yes,leaves,2,93,insect,6433-11,,,,,
10/10/2025,October,2025,Rooted,GP2,sericea,644,2-18,Yes,leaves,3,80,insect (a lot),6442-18,,,,,
10/10/2025,October,2025,Rooted,GP2,sericea,671,2-31,No,leaves,2,74,insect (a lot),6712-31,,,,,
10/10/2025,October,2025,Rooted,GP2,sericea,646,3-36,No,leaves,3,69,insect/disease,6463-36,,,,,
10/10/2025,October,2025,Rooted,GP2,lucida,647,3-3,No,leaves,6,66,insect/disease,6473-3,,,,,
10/10/2025,October,2025,Rooted,GP2,lucida,648,2-8,Yes,leaves,3,68,insect/disease,6482-8,,,,,
10/10/2025,October,2025,Rooted,GP2,lucida,649,1-15,Yes,leaves,4,103,insect/disease,6491-15,,,,,
10/10/2025,October,2025,Rooted,GP2,lucida,650,2-31,No,leaves,3,109,disease,6502-31,,,,,
10/10/2025,October,2025,Rooted,GP2,lucida,651,1-35,Yes,leaves,3,84,insect,6511-35,,,,,
10/10/2025,October,2025,Rooted,GP2,purpurea,652,2-2,Yes,leaves,4,177,disease,6522-2,,,,,
10/10/2025,October,2025,Rooted,GP2,purpurea,653,3-15,Yes,leaves,4,130,disease,6533-15,,,,,
10/10/2025,October,2025,Rooted,GP2,purpurea,654,1-20,No,leaves,5,132,disease,6541-20,,,,,
10/10/2025,October,2025,Rooted,GP2,purpurea,655,2-39,Yes,leaves,3,151,disease,6552-39,,,,,
10/10/2025,October,2025,Rooted,GP2,purpurea,656,2-45,Yes,leaves,2,103,disease,6562-45,,,,,
10/14/2025,October,2025,Rooted,GP2,discolor,657,1-6,Yes,leaves,5,138,insect (some),6571-6,,,,,
10/14/2025,October,2025,Rooted,GP2,discolor,658,2-10,Yes,leaves,5,104,disease,6582-10,,,,,
10/14/2025,October,2025,Rooted,GP2,discolor,659,3-17,No,leaves,2,79,insect/disease,6593-17,,,,,
10/14/2025,October,2025,Rooted,GP2,discolor,660,2-29,Yes,leaves,2,179,insect/disease,6602-29,,,,,
10/14/2025,October,2025,Rooted,GP2,discolor,661,3-38,Yes,leaves,3,144,insect/disease,6613-38,,,,,
10/15/2025,October,2025,Staked,Barberry,purpurea,672,2-4,Yes,leaves,2,135,,6722-4,,,,,
10/15/2025,October,2025,Staked,Barberry,purpurea,498,1-13,Yes,leaves,5,175,,4981-13,,,,,
10/15/2025,October,2025,Staked,Barberry,purpurea,523,2-18,Yes,leaves,7,180,,5232-18,,,,,
10/15/2025,October,2025,Staked,Barberry,purpurea,524,2-47,Yes,leaves,4,150,discoloration,5242-47,,,,,
10/15/2025,October,2025,Staked,Barberry,purpurea,525,3-55,Yes,leaves,9,250,,5253-55,,,,,
10/15/2025,October,2025,Staked,Barberry,sericea,526,2-7,Yes,leaves,1,130,,5262-7,,,,,
10/15/2025,October,2025,Staked,Barberry,sericea,527,3-8,Yes,leaves,6,120,,5273-8,,,,,
10/15/2025,October,2025,Staked,Barberry,sericea,528,1-16,Yes,leaves,4,150,,5281-16,,,,,
10/15/2025,October,2025,Staked,Barberry,sericea,529,1-23,Yes,leaves,2,160,,5291-23,,,,,
10/15/2025,October,2025,Staked,Barberry,sericea,530,3-48,Yes,leaves,5,190,,5303-48,,,,,
10/15/2025,October,2025,Staked,Barberry,lucida,531,1-12,Yes,leaves,2,135,fungus,5311-12,,,,,
10/15/2025,October,2025,Staked,Barberry,lucida,532,3-17,Yes,leaves,3,110,,5323-17,,,,,
10/15/2025,October,2025,Staked,Barberry,lucida,533,2-34,Yes,leaves,1,130,,5332-34,,,,,
10/15/2025,October,2025,Staked,Barberry,lucida,491,3-47,Yes,leaves,2,100,,4913-47,,,,,
10/15/2025,October,2025,Staked,Barberry,lucida,535,2-57,Yes,leaves,3,115,minor,5352-57,,,,,
10/15/2025,October,2025,Staked,Barberry,discolor,536,2-3,Yes,leaves,1,120,,5362-3,,,,,
10/15/2025,October,2025,Staked,Barberry,discolor,537,3-20,Yes,leaves,1,120,,5373-20,,,,,
10/15/2025,October,2025,Staked,Barberry,discolor,538,3-27,Yes,leaves,2,120,,5383-27,,,,,
10/15/2025,October,2025,Staked,Barberry,discolor,539,3-47,Yes,leaves,1,63,,5393-47,,,,,
10/15/2025,October,2025,Staked,Barberry,discolor,540,3-61,Yes,leaves,1,160,,5403-61,,,,,
10/15/2025,October,2025,Rooted,Barberry,purpurea,602,2-4,N/A,leaves,1,180,,6022-4,,,,,
10/15/2025,October,2025,Rooted,Barberry,purpurea,603,3-5,N/A,leaves,4,140,,6033-5,,,,,
10/15/2025,October,2025,Rooted,Barberry,purpurea,604,1-2,N/A,leaves,2,190,light,6041-2,,,,,
10/15/2025,October,2025,Rooted,Barberry,purpurea,605,2-17,N/A,leaves,3,150,,6052-17,,,,,
10/15/2025,October,2025,Rooted,Barberry,purpurea,606,3-24,N/A,leaves,1,115,minor,6063-24,,,,,
10/15/2025,October,2025,Rooted,Barberry,sericea,607,1-1,N/A,leaves,6,200,moderate-heavy,6071-1,,,,,
10/15/2025,October,2025,Rooted,Barberry,sericea,608,2-8,N/A,leaves,4,170,minor-moderate,6082-8,,,,,
10/15/2025,October,2025,Rooted,Barberry,sericea,675,3-11,N/A,leaves,3,180,minor-moderate,6753-11,,,,,
10/15/2025,October,2025,Rooted,Barberry,sericea,610,2-19,N/A,leaves,3,170,minor-moderate,6102-19,,,,,
10/15/2025,October,2025,Rooted,Barberry,sericea,611,3-26,N/A,leaves,8,180,moderate,6113-26,,,,,
10/15/2025,October,2025,Rooted,Barberry,lucida,612,3-3,N/A,leaves,6,170,,6123-3,,,,,
10/15/2025,October,2025,Rooted,Barberry,lucida,613,2-6,N/A,leaves,9,140,heavy,6132-6,,,,,
10/15/2025,October,2025,Rooted,Barberry,lucida,614,3-10,N/A,leaves,6,120,,6143-10,,,,,
10/15/2025,October,2025,Rooted,Barberry,lucida,615,2-18,N/A,leaves,3,135,,6152-18,,,,,
10/15/2025,October,2025,Rooted,Barberry,discolor,617,1-3,N/A,leaves,1,160,moderate,6171-3,,,,,
10/15/2025,October,2025,Rooted,Barberry,discolor,618,2-6,N/A,leaves,1,270,light,6182-6,,,,,
10/15/2025,October,2025,Rooted,Barberry,discolor,619,2-9,N/A,leaves,4,200,light,6192-9,,,,,
10/15/2025,October,2025,Rooted,Barberry,discolor,620,2-15,N/A,leaves,4,250,light,6202-15,,,,,
10/15/2025,October,2025,Rooted,Barberry,discolor,621,3-19,N/A,leaves,8,150,,6213-19,,,,,
10/15/2025,October,2025,Staked,Underhill,lucida,501,3-8,Yes,leaves,4,150,light,5013-8,,,,,
10/15/2025,October,2025,Staked,Underhill,lucida,502,2-19,Yes,leaves,1,130,light,5022-19,,,,,
10/15/2025,October,2025,Staked,Underhill,lucida,503,1-32,Yes,leaves,1,85,,5031-32,,,,,
10/15/2025,October,2025,Staked,Underhill,lucida,504,2-42,Yes,leaves,2,70,,5042-42,,,,,
10/15/2025,October,2025,Staked,Underhill,lucida,494,1-57,Yes,leaves,1,90,light,4941-57,,,,,
10/15/2025,October,2025,Staked,Underhill,discolor,492,3-12,Yes,leaves,1,110,,4923-12,,,,,
10/15/2025,October,2025,Staked,Underhill,discolor,507,2-12,Yes,leaves,3,130,some,5072-12,,,,,
10/15/2025,October,2025,Staked,Underhill,discolor,508,1-29,Yes,leaves,1,100,,5081-29,,,,,
10/15/2025,October,2025,Staked,Underhill,discolor,509,3-32,Yes,leaves,1,80,,5093-32,,,,,
10/15/2025,October,2025,Staked,Underhill,discolor,510,2-46,Yes,leaves,1,85,,5102-46,,,,,
10/15/2025,October,2025,Staked,Underhill,purpurea,511,2-1,Yes,leaves,1,80,,5112-1,,,,,
10/15/2025,October,2025,Staked,Underhill,purpurea,512,2-10,Yes,leaves,2,100,,5122-10,,,,,
10/15/2025,October,2025,Staked,Underhill,purpurea,513,1-26,Yes,leaves,6,170,very light,5131-26,,,,,
10/15/2025,October,2025,Staked,Underhill,purpurea,514,3-32,Yes,leaves,2,115,,5143-32,,,,,
10/15/2025,October,2025,Staked,Underhill,purpurea,515,2-44,Yes,leaves,2,115,,5152-44,,,,,
10/15/2025,October,2025,Staked,Underhill,sericea,516,2-14,Yes,leaves,14,190,moderate,5162-14,,,,,
10/15/2025,October,2025,Staked,Underhill,sericea,667,1-17,Yes,leaves,10,210,light,6671-17,,,,,
10/15/2025,October,2025,Staked,Underhill,sericea,518,2-31,Yes,leaves,8,150,moderate-heavy,5182-31,,,,,
10/15/2025,October,2025,Staked,Underhill,sericea,519,1-45,Yes,leaves,2,160,moderate,5191-45,,,,,
10/15/2025,October,2025,Staked,Underhill,sericea,520,3-54,Yes,leaves,4,150,,5203-54,,,,,
10/17/2025,October,2025,Rooted,Underhill,lucida,581,1-4,Yes,leaves,4,69,disease,5811-4,,,,,
10/17/2025,October,2025,Rooted,Underhill,lucida,582,2-6,Yes,leaves,5,89,disease,5822-6,,,,,
10/17/2025,October,2025,Rooted,Underhill,lucida,583,3-12,Yes,leaves,5,75,disease/insect,5833-12,,,,,
10/17/2025,October,2025,Rooted,Underhill,lucida,584,1-16,Yes,leaves,1,33,animal,5841-16,,,,,
10/17/2025,October,2025,Rooted,Underhill,lucida,585,2-25,Yes,leaves,5,110,disease/insect,5852-25,,,,,
10/17/2025,October,2025,Rooted,Underhill,discolor,586,3-4,Yes,leaves,2,87,animal/disease/insect,5863-4,,,,,
10/17/2025,October,2025,Rooted,Underhill,discolor,587,1-8,Yes,leaves,3,89,animal/disease/insect,5871-8,,,,,
10/17/2025,October,2025,Rooted,Underhill,discolor,588,2-10,Yes,leaves,2,34,animal,5882-10,,,,,
10/17/2025,October,2025,Rooted,Underhill,discolor,589,2-19,Yes,leaves,3,56,animal,5892-19,,,,,
10/17/2025,October,2025,Rooted,Underhill,discolor,590,3-24,Yes,leaves,6,180,insect,5903-24,,,,,
10/17/2025,October,2025,Rooted,Underhill,purpurea,591,1-3,Yes,leaves,5,171,insect,5911-3,,,,,
10/17/2025,October,2025,Rooted,Underhill,purpurea,592,2-6,Yes,leaves,11,160,,5922-6,,,,,
10/17/2025,October,2025,Rooted,Underhill,purpurea,593,1-9,Yes,leaves,7,185,,5931-9,,,,,
10/17/2025,October,2025,Rooted,Underhill,purpurea,594,3-15,Yes,leaves,7,180,,5943-15,,,,,
10/17/2025,October,2025,Rooted,Underhill,purpurea,595,2-25,Yes,leaves,10,180,animal,5952-25,,,,,
10/17/2025,October,2025,Rooted,Underhill,sericea,596,1-3,Yes,leaves,2,173,disease/insect,5961-3,,,,,
10/17/2025,October,2025,Rooted,Underhill,sericea,597,2-7,Yes,leaves,13,173,disease/insect,5972-7,,,,,
10/17/2025,October,2025,Rooted,Underhill,sericea,598,3-14,Yes,leaves,17,150,insect,5983-14,,,,,
10/17/2025,October,2025,Rooted,Underhill,sericea,599,2-18,Yes,leaves,13,115,disease/insect,5992-18,,,,,
10/17/2025,October,2025,Rooted,Underhill,sericea,600,3-30,Yes,leaves,2,135,disease/insect,6003-30,,,,,
